Almôndega acebolada ao shoyo,bovina,ao molho leve
Almôndega acebolada ao shoyu,bovina,ao molho leve
Almôndega ao molho italiano,bovina,ao molho leve
Almôndega ao sugo,bovina,ao molho leve
Almôndega ao tomatelli,bovina,ao molho leve
Almôndega assada,bovina,assado
Almôndega bovina ao sugo,bovina,ao molho leve
Almôndega com molho de tomate,bovina,ao molho leve
Almondegas,bovina,ao molho gorduroso
Almôndegas acebolada,bovina,assado
Almôndegas aceboladas,bovina,assado
Almondegas ao molho,bovina,ao molho gorduroso
Almôndegas ao molho argentino,bovina,ao molho gorduroso
Almôndegas ao sugo,bovina,ao molho leve
Almôndegas ao tomatelli,bovina,ao molho leve
Almôndegas com molho argentino,bovina,ao molho gorduroso
Almôndegas com molho barbecue,bovina,ao molho gorduroso
Almôndegas com molho de tomate,bovina,ao molho leve
Almôndegas com molho de tomate fresco,bovina,ao molho leve
Almôndegas com molho de tomates,bovina,ao molho leve
Almondegas com molho ferrugem,bovina,ao molho gorduroso
Almôndegas com molho ferrugem,bovina,ao molho gorduroso
Almôndegas com molho pomodoro,bovina,ao molho leve
Almôndegas com molho roti,bovina,ao molho gorduroso
Almondegas com molho sugo,bovina,ao molho leve
Almôndegas com molho sugo,bovina,ao molho leve
Almôndegas de carne ao sugo,bovina,ao molho leve
Almôndegas de carne com molho ao sugo,bovina,ao molho leve
Assado de carne,bovina,assado
Assado de carne ao molho ferrugem,bovina,ao molho gorduroso
Assado de carne com legumes,bovina,assado
Bife à barbecue,bovina,ao molho gorduroso
Bife à caçadora,bovina,ao molho leve
Bife à caçarole,bovina,grelhado/refogado
Bife à caipira,bovina,grelhado/refogado
Bife á chinesa,bovina,grelhado/refogado
Bife a fricandoli,bovina,grelhado/refogado
Bife a fricandolle,bovina,grelhado/refogado
Bife a fricandolli,bovina,grelhado/refogado
Bife à milanesa,bovina,frito
Bife à parmegiana,bovina,frito
Bife à pizzaiolo,bovina,ao molho leve
Bife a rolê,bovina,cozido
Bife à role,bovina,cozido
Bife à rolê,bovina,cozido
Bife à rolê com bacon,bovina,cozido
Bife acebolado,bovina,grelhado/refogado
Bife acebolado com molho de tomate,bovina,ao molho leve
Bife ao molho argentino,bovina,ao molho gorduroso
Bife ao molho barbecue,bovina,ao molho leve
Bife ao molho de azeitonas,bovina,ao molho leve
Bife ao molho de bacon,bovina,ao molho gorduroso
Bife ao molho de cebola,bovina,ao molho leve
Bife ao molho de ervilha,bovina,ao molho leve
Bife ao molho de maionese,bovina,ao molho gorduroso
Bife ao molho de tomate picante,bovina,ao molho leve
Bife ao molho especial,bovina,ao molho gorduroso
Bife ao molho fazendinha,bovina,ao molho leve
Bife ao molho ferrugem,bovina,ao molho leve
Bife ao molho madeira,bovina,ao molho leve
Bife ao molho pizzaiolo,bovina,ao molho leve
Bife ao molho roty,bovina,ao molho leve
Bife com cebola e pimentão,bovina,grelhado/refogado
Bife com molho acebolado,bovina,grelhado/refogado
Bife com molho argentino,bovina,ao molho leve
Bife com molho barbecue,bovina,ao molho leve
Bife com molho com molho ferrugem,bovina,ao molho leve
Bife com molho de alho,bovina,ao molho leve
Bife com molho de alho-poró,bovina,ao molho leve
Bife com molho de azeitonas,bovina,ao molho leve
Bife com molho de bacon,bovina,ao molho gorduroso
Bife com molho de champignon,bovina,ao molho leve
Bife com molho de cogumelo,bovina,ao molho leve
Bife com molho de cogumelos,bovina,ao molho leve
Bife com molho de curry,bovina,ao molho leve
Bife com molho de ervas,bovina,ao molho leve
Bife com molho de pimentões,bovina,ao molho leve
Bife com molho de roti,bovina,ao molho leve
Bife com molho de salsão,bovina,ao molho leve
Bife com molho ferrugem,bovina,ao molho leve
Bife com molho madeira,bovina,ao molho leve
Bife com molho pomodoro,bovina,ao molho leve
Bife com molho roti,bovina,ao molho leve
Bife com molho roty,bovina,ao molho leve
Bife com molho shoyo,bovina,ao molho leve
Bife com pimentão e cebola,bovina,grelhado/refogado
Bife com pimentões,bovina,grelhado/refogado
Bife de alcatra acebolado,bovina,grelhado/refogado
Bife de alcatra com molho shoyu,bovina,ao molho leve
Bife de alcatra grelhado,bovina,grelhado/refogado
Bife de alcatra grelhado acebolado,bovina,grelhado/refogado
Bife de caçarola,bovina,ao molho leve
Bife de caçarola acebolado,bovina,ao molho leve
Bife de caçarola com milho e ervilhas,bovina,ao molho leve
Bife de contra filé acebolado,bovina,ao molho leve
Bife de contra filé ao molho roti,bovina,ao molho leve
Bife de contra filé com molho argentino,bovina,ao molho gorduroso
Bife de contra filé com molho roti,bovina,ao molho leve
Bife de contra filé grelhado,bovina,grelhado/refogado
Bife de contrafilé,bovina,grelhado/refogado
Bife de contrafilé à caçadora,bovina,grelhado/refogado
Bife de contrafilé à parmegiana,bovina,frito
Bife de contrafilé acebolado,bovina,grelhado/refogado
Bife de contrafilé ao alho,bovina,grelhado/refogado
Bife de contrafilé ao molho de alecrim,bovina,ao molho leve
Bife de contrafilé ao molho roti e ervilhas,bovina,ao molho leve
Bife de contrafilé com alho,bovina,grelhado/refogado
Bife de contrafilé com molho argentino,bovina,ao molho gorduroso
Bife de contrafilé com molho barbecue,bovina,ao molho leve
Bife de contrafilé com molho de alho,bovina,ao molho leve
Bife de contrafilé com molho de alho-poró,bovina,ao molho leve
Bife de contrafilé com molho de azeitonas,bovina,ao molho leve
Bife de contrafilé com molho de bacon,bovina,ao molho gorduroso
Bife de contrafilé com molho de cogumelos,bovina,ao molho leve
Bife de contrafilé com molho de ervas,bovina,ao molho leve
Bife de contrafilé com molho de maçã,bovina,ao molho leve
Bife de contrafilé com molho ferrugem,bovina,ao molho leve
Bife de contrafilé com molho madeira,bovina,ao molho leve
Bife de contrafilé com molho roti,bovina,ao molho leve
Bife de contrafilé com molho shoyo,bovina,ao molho leve
Bife de contrafilé com molho shoyu,bovina,ao molho leve
Bife de contrafilé com molho vinagrete,bovina,ao molho leve
Bife de contrafilé com shoyu,bovina,grelhado/refogado
Bife de contrafilé grelhado,bovina,grelhado/refogado
Bife de contrafilé grelhado com molho barbecue,bovina,grelhado/refogado
Bife de lombo,suína,grelhado/refogado
Bife de panela,bovina,grelhado/refogado
Bife de panela (coxão duro),bovina,grelhado/refogado
Bife de panela (miolo de alcatra),bovina,grelhado/refogado
Bife de panela à brasileira (milho e ervilha),bovina,grelhado/refogado
Bife de panela com calabresa,bovina,grelhado/refogado
Bife de pernil,suína,grelhado/refogado
Bife de pernil ao molho de maçã,suína,ao molho leve
Bife de pernil com molho de limão,suína,ao molho leve
Bife grelhado,bovina,grelhado/refogado
Bife grelhado à fazendinha,bovina,ao molho leve
Bife grelhado acebolado,bovina,grelhado/refogado
Bife grelhado acebolado (contra filé),bovina,grelhado/refogado
Bife grelhado acebolado (contra-filé),bovina,grelhado/refogado
Bife grelhado ao molho argentino,bovina,ao molho gorduroso
Bife grelhado ao molho caipira,bovina,ao molho leve
Bife grelhado ao molho champignon,bovina,ao molho leve
Bife grelhado ao molho de champignon,bovina,ao molho leve
Bife grelhado ao molho de cogumelo,bovina,ao molho leve
Bife grelhado ao molho de ervas,bovina,ao molho leve
Bife grelhado ao molho de maionese,bovina,ao molho gorduroso
Bife grelhado ao molho especial,bovina,ao molho gorduroso
Bife grelhado ao molho madeira,bovina,ao molho leve
Bife grelhado ao molho roti,bovina,ao molho leve
Bife grelhado ao molho roty,bovina,ao molho leve
Bife grelhado com molho argentino,bovina,ao molho gorduroso
Bife grelhado com molho de azeitonas,bovina,ao molho gorduroso
Bife grelhado com molho de champignon,bovina,ao molho leve
Bife grelhado com molho de cogumelos,bovina,ao molho leve
Bife grelhado com molho especial,bovina,ao molho gorduroso
Bife grelhado com molho madeira,bovina,ao molho leve
Bife grelhado com molho roti,bovina,ao molho leve
Bife ouro branco (miolo de alcatra),bovina,frito
Bife suíno ao m. roty (pernil),suína,ao molho leve
Bisteca acebolada,suína,frito
Bisteca ao molho barbecue,suína,ao molho leve
Bisteca ao molho de abacaxi,suína,ao molho leve
Bisteca ao molho de limão,suína,ao molho leve
Bisteca ao molho madeira,suína,ao molho leve
Bisteca assada,suína,assado
Bisteca suína,suína,assado
Bisteca suína acebolada,suína,grelhado/refogado
Bisteca suína ao molho de limão,suína,ao molho leve
Bisteca suína com molho barbecue,suína,ao molho leve
Bobó de frango,ave,grelhado/refogado
Bobó de frango (contém lactose),ave,grelhado/refogado
Bolo de carne moída,bovina,grelhado/refogado
Calabresa acebolada,processada,frito
Calabresa ao molho sugo,processada,ao molho leve
Carne à chinesa,bovina,grelhado/refogado
Carne à oriental,bovina,grelhado/refogado
Carne assada,bovina,assado
Carne assada (lagarto),bovina,assado
Carne assada acebolada,bovina,assado
Carne assada ao molho de cebola,bovina,ao molho leve
Carne assada ao molho de ervas,bovina,ao molho leve
Carne assada ao molho madeira,bovina,ao molho leve
Carne assada ao molho roti,bovina,ao molho leve
Carne assada ao molho roty,bovina,ao molho leve
Carne assada com cogumelos,bovina,ao molho leve
Carne assada com molho agridoce,bovina,ao molho leve
Carne assada com molho argentino,bovina,ao molho leve
Carne assada com molho chimichurri,bovina,ao molho gorduroso
Carne assada com molho cítrico,bovina,ao molho leve
Carne assada com molho de alecrim,bovina,ao molho leve
Carne assada com molho de alho-poró,bovina,ao molho leve
Carne assada com molho de ameixas,bovina,ao molho leve
Carne assada com molho de champignon,bovina,ao molho leve
Carne assada com molho de cogumelo,bovina,ao molho leve
Carne assada com molho de ervas,bovina,ao molho leve
Carne assada com molho de especiarias,bovina,ao molho leve
Carne assada com molho de tomate,bovina,ao molho leve
Carne assada com molho de vinho,bovina,ao molho leve
Carne assada com molho ferrugem,bovina,ao molho leve
Carne assada com molho madeira,bovina,ao molho leve
Carne assada com molho picante,bovina,ao molho leve
Carne assada com molho roti,bovina,ao molho leve
Carne assada com molho roty,bovina,ao molho leve
Carne corada com pimentão e cebola,bovina,grelhado/refogado
Carne cubos com argentino,bovina,ao molho gorduroso
Carne de panela,bovina,cozido
Carne de panela acebolada,bovina,cozido
Carne de panela ao molho argentino,bovina,ao molho gorduroso
Carne de panela ao molho roty,bovina,ao molho leve
Carne de panela com batata,bovina,cozido
Carne de panela com batatas,bovina,cozido
Carne de panela com legumes,bovina,cozido
Carne em cubos,bovina,cozido
Carne em cubos à brasileira,bovina,cozido
Carne em cubos à chinesa,bovina,ao molho leve
Carne em cubos acebolada,bovina,cozido
Carne em cubos ao molho de cebola,bovina,ao molho leve
Carne em cubos ao molho madeira,bovina,ao molho leve
Carne em cubos ao molho roti,bovina,ao molho leve
Carne em cubos ao molho vinagrete,bovina,ao molho leve
Carne em cubos ao sugo,bovina,ao molho leve
Carne em cubos com batatas,bovina,cozido
Carne em cubos com calabresa,bovina,cozido
Carne em cubos com legumes,bovina,cozido
Carne em cubos com linguiça calabresa,bovina,cozido
Carne em cubos com mandioca,bovina,cozido
Carne em cubos com mandioquinha,bovina,cozido
Carne em cubos com molho ao sugo,bovina,ao molho leve
Carne em cubos com molho branco,bovina,ao molho leve
Carne em cubos com molho champignon,bovina,ao molho leve
Carne em cubos com molho de ervas,bovina,ao molho leve
Carne em cubos com molho de ervilha,bovina,ao molho leve
Carne em cubos com molho de mostarda,bovina,ao molho leve
Carne em cubos com molho de vinho,bovina,ao molho leve
Carne em cubos com molho ferrugem,bovina,ao molho leve
Carne em cubos com molho italiano,bovina,ao molho leve
Carne em cubos com molho madeira,bovina,ao molho leve
Carne em cubos com molho picante,bovina,ao molho leve
Carne em cubos com molho pomodoro,bovina,ao molho leve
Carne em cubos com molho roti,bovina,ao molho leve
Carne em cubos com molho vinagrete,bovina,ao molho leve
Carne em cucos ao tomatelli,bovina,ao molho leve
Carne em iscas,bovina,grelhado/refogado
Carne em iscas aceboladas,bovina,grelhado/refogado
Carne em iscas com molho argentino,bovina,ao molho gorduroso
Carne em tiras,bovina,grelhado/refogado
Carne em tiras à chinesa,bovina,ao molho leve
Carne em tiras à cigana,bovina,grelhado/refogado
Carne em tiras à milanesa,bovina,frito
Carne em tiras aceboladas,bovina,grelhado/refogado
Carne em tiras com cogumelos,bovina,grelhado/refogado
Carne em tiras com molho de alecrim,bovina,ao molho leve
Carne em tiras com molho de azeitona,bovina,ao molho gorduroso
Carne em tiras com molho de pimentões,bovina,ao molho leve
Carne em tiras empanadas,bovina,frito
Carne louca,bovina,cozido
Carne moida,bovina,grelhado/refogado
Carne moída,bovina,grelhado/refogado
Carne moída à fantasia,bovina,grelhado/refogado
Carne moída à primavera,bovina,grelhado/refogado
Carne moida ao m. azeitonas (miolo da paleta),bovina,grelhado/refogado
Carne moída ao sugo,bovina,ao molho leve
Carne moída com alho-poró,bovina,cozido
Carne moída com azeitona,bovina,cozido
Carne moída com azeitona (patinho),bovina,cozido
Carne moída com azeitona e tomate,bovina,cozido
Carne moída com azeitonas,bovina,cozido
Carne moída com batata,bovina,cozido
Carne moida com batata (miolo de paleta),bovina,cozido
Carne moída com cenoura e milho,bovina,cozido
Carne moída com cenoura e vagem,bovina,cozido
Carne moída com legumes,bovina,cozido
Carne moída com molho,bovina,ao molho leve
Carne moída com molho roti,bovina,ao molho leve
Carne moída com moyashi,bovina,cozido
Carne moída com pimentões,bovina,cozido
Carne moída com tomate,bovina,cozido
Carne moída m. de azeitonas (miolo da paleta),bovina,ao molho gorduroso
Carne moída refogada,bovina,grelhado/refogado
Carne picada,bovina,grelhado/refogado
Carne picada com cogumelos,bovina,grelhado/refogado
Carne picada com especiarias,bovina,grelhado/refogado
Carne picada com legumes,bovina,grelhado/refogado
Carne picada com molho de cogumelos,bovina,ao molho leve
Carne picada com molho de especiarias,bovina,ao molho leve
Carne picada com molho de tomate,bovina,ao molho leve
Carne picado com linguiça calabresa,bovina,grelhado/refogado
Chop suey de lombo,suína,grelhado/refogado
Contra filé acebolado,bovina,grelhado/refogado
Contra filé ao alho,bovina,grelhado/refogado
Contrafilé assado com molho barbecue,bovina,ao molho leve
Contrafilé assado com molho shoyu,bovina,ao molho leve
Contrafilé com molho roti,bovina,ao molho leve
Contrafilé com molho vinagrete,bovina,ao molho leve
Contrafilé em tiras aceboladas,bovina,ao molho leve
Copa lombo à california,suína,ao molho gorduroso
Copa lombo acebolado,suína,ao molho gorduroso
Copa lombo ao molho barbecue,suína,ao molho leve
Copa lombo ao molho de abacaxi,suína,ao molho leve
Copa lombo ao molho de laranja,suína,ao molho leve
Copa lombo ao molho de limão,suína,ao molho leve
Copa lombo ao molho de maçã,suína,ao molho leve
Copa lombo ao vinagrete,suína,ao molho leve
Copa lombo assado com molho ferrugem,suína,ao molho leve
Copa lombo com molho agridoce,suína,ao molho leve
Copa lombo com molho barbecue,suína,ao molho leve
Copa lombo com molho califórnia,suína,ao molho leve
Copa lombo com molho cítrico,suína,ao molho leve
Copa lombo com molho de abacaxi,suína,ao molho leve
Copa lombo com molho de alecrim,suína,ao molho leve
Copa lombo com molho de alho poró,suína,ao molho leve
Copa lombo com molho de cítrico,suína,ao molho leve
Copa lombo com molho de limão,suína,ao molho leve
Copa lombo com molho de maracujá,suína,ao molho leve
Copa lombo com molho de mostarda,suína,ao molho leve
Copa lombo com molho de pimentão,suína,ao molho leve
Copa lombo com molho de vinho,suína,ao molho leve
Copa lombo com molho ferrugem,suína,ao molho leve
Copa lombo com molho roti,suína,ao molho leve
Copa lombo com molho roty,suína,ao molho leve
Copa lombo com molho vinagrete,suína,ao molho leve
Coxa de frango,ave,grelhado/refogado
Coxa de frango assada com molho ao sugo,ave,ao molho leve
Coxa de frango em cubos,ave,grelhado/refogado
Coxa e sobrecoxa assada com molho curry,ave,ao molho leve
Coxa e sobrecoxa com molho carbonara,ave,ao molho leve
Coxa e sobrecoxa com molho de tomates,ave,ao molho leve
Coxa e sobrecoxa de franco à passarinho,ave,frito
Coxa e sobrecoxa de frango à passarinho,ave,frito
Coxa e sobrecoxa de frango ao sugo,ave,ao molho leve
Coxa e sobrecoxa de frango assado,ave,assado
Coxa e sobrecoxa de frango com alho,ave,grelhado/refogado
Coxa e sobrecoxa de frango com molho à caçadora,ave,ao molho gorduroso
Coxa e sobrecoxa de frango com molho cítrico,ave,ao molho leve
Coxa e sobrecoxa de frango com molho de azeitona,ave,ao molho gorduroso
Coxa e sobrecoxa de frango com molho de ervas,ave,ao molho leve
Coxa e sobrecoxa de frango com molho de laranja,ave,ao molho leve
Coxa e sobrecoxa de frango com molho de pimentão,ave,ao molho leve
Coxa e sobrecoxa de frango com molho de salsão,ave,ao molho leve
Coxa e sobrecoxa de frango com molho laranja,ave,ao molho leve
Coxa e sobrecoxa de frango frito,ave,frito
Coxa sobrecoxa de frango,ave,grelhado/refogado
Coxa sobrecoxa de frango assado,ave,assado
Cozido bovino com legumes,bovina,cozido
Cubos ao molho de mostarda,bovina,ao molho leve
Cubos ao molho roti,bovina,ao molho leve
Cubos bovinos ao molho mostarda,bovina,ao molho leve
Cubos bovinos ao molho roti,bovina,ao molho leve
Cubos bovinos com legumes,bovina,cozido
Cubos de carne,bovina,grelhado/refogado
Cubos de carne à chinesa,bovina,ao molho leve
Cubos de carne a pomodoro,bovina,ao molho leve
Cubos de carne à pomodoro,bovina,ao molho leve
Cubos de carne à primavera,bovina,grelhado/refogado
Cubos de carne ao vinagrete,bovina,ao molho leve
Cubos de carne com abóbora,bovina,grelhado/refogado
Cubos de carne com calabresa,bovina,grelhado/refogado
Cubos de carne com cebolas em pétalas,bovina,grelhado/refogado
Cubos de carne com linguiça calabresa,bovina,grelhado/refogado
Cubos de carne com mandioca,bovina,grelhado/refogado
Cubos de carne com molho argentino,bovina,ao molho gorduroso
Cubos de carne com molho de bacon,bovina,ao molho leve
Cubos de carne com molho de ervilha,bovina,ao molho leve
Cubos de carne com molho madeira,bovina,ao molho leve
Cubos de carne com molho roti,bovina,ao molho leve
Cubos de coxa de frango assada,ave,assado
Cubos de filé de coxa assada,ave,assado
Cubos de filé de coxa assado,ave,assado
Cubos de frango à brasileira,ave,grelhado/refogado
Cubos de frango com molho de abacaxi,ave,ao molho leve
Cubos de frango com molho de ervilha,ave,ao molho leve
Cubos de frango com molho de laranja,ave,ao molho leve
Cubos de frango com vinagrete,ave,ao molho leve
Cubos de peito de frango à primavera,ave,grelhado/refogado
Cubos de peito de frango com molho de pimentões,ave,ao molho leve
Cubos de peito frango com molho shoyo,ave,ao molho leve
Cubos suíno ao m. barbecue (lombo),suína,ao molho leve
Cubos suínos,suína,grelhado/refogado
Cubos suínos ao m. escuro (pernil),suína,ao molho gorduroso
Cupim acebolado,bovina,ao molho gorduroso
Cupim ao molho madeira,bovina,ao molho leve
Cupim assado,bovina,assado
Cupim assado com molho apimentado,bovina,ao molho leve
Cupim assado com molho de abacaxi,bovina,ao molho leve
Cupim assado com molho de limão,bovina,ao molho leve
Cupim assado com molho escuro,bovina,ao molho leve
Cupim assado com molho ferrugem,bovina,ao molho leve
Cupim assado com molho madeira,bovina,ao molho leve
Cupim assado com molho roti,bovina,ao molho leve
Cupim assado com vinagrete,bovina,ao molho leve
Cupim com molho argentino,bovina,ao molho gorduroso
Cupim com molho barbecue,bovina,ao molho leve
Cupim com molho de alecrim,bovina,ao molho leve
Cupim com molho de ameixa,bovina,ao molho leve
Cupim com molho de cogumelo,bovina,ao molho leve
Cupim com molho de especiarias,bovina,ao molho leve
Cupim com molho de frutas,bovina,ao molho leve
Cupim com molho escuro,bovina,ao molho leve
Cupim com molho ferrugem,bovina,ao molho leve
Cupim com molho madeira,bovina,ao molho leve
Cupim com molho mostarda,bovina,ao molho leve
Cupim com molho roti,bovina,ao molho leve
Cupim com molho roti e salsão,bovina,ao molho leve
Empanado de frango,ave,frito
Empanado de peixe,peixe,frito
Escalope de carne,bovina,grelhado/refogado
Escalope de frango,ave,grelhado/refogado
Escondidinho caipira,ave,assado
Escondidinho de carne,bovina,assado
Escondidinho de carne moída,bovina,assado
Escondidinho de frango,ave,assado
Espeto de carne,bovina,assado
Espeto de frango,ave,assado
Espeto de peito de frango com cebola e pimentões,ave,assado
Estrogonofe,bovina,ao molho gorduroso
Estrogonofe de carne,bovina,ao molho gorduroso
Estrogonofe de frango,ave,ao molho gorduroso
Feijoada,suína,cozido
Filé de coxa,ave,grelhado/refogado
Filé de coxa à pizzaiolo,ave,ao molho leve
Filé de coxa asado,ave,assado
Filé de coxa assado,ave,assado
Filé de coxa assado com molho carbonara,ave,ao molho gorduroso
Filé de coxa com molho argentino,ave,ao molho gorduroso
Filé de coxa com molho azeitonas,ave,ao molho leve
Filé de coxa com molho barbecue,ave,ao molho leve
Filé de coxa com molho califórnia,ave,ao molho leve
Filé de coxa com molho curry,ave,ao molho leve
Filé de coxa com molho de alho-poró,ave,ao molho leve
Filé de coxa com molho de azeitona,ave,ao molho gorduroso
Filé de coxa com molho de bacon,ave,ao molho gorduroso
Filé de coxa com molho de cebola,ave,ao molho leve
Filé de coxa com molho de ervilha,ave,ao molho leve
Filé de coxa com molho de ferrugem,ave,ao molho leve
Filé de coxa com molho de mostarda,ave,ao molho leve
Filé de coxa com molho de salsão,ave,ao molho leve
Filé de coxa com molho de suíço,ave,ao molho leve
Filé de coxa com molho mostarda,ave,ao molho leve
Filé de coxa com molho parisiense,ave,ao molho gorduroso
Filé de coxa com molho roti e salsão,ave,ao molho leve
Filé de coxa com molho suíço,ave,ao molho leve
Filé de coxa com olho de salsão,ave,grelhado/refogado
Filé de coxa com vinagrete,ave,grelhado/refogado
Filé de coxa de frango acebolada,ave,frito
Filé de coxa de frango assada,ave,assado
Filé de coxa de frango assado,ave,assado
Filé de coxa de frango assado com curry,ave,ao molho leve
Filé de coxa de frango com ervas aromáticas,ave,grelhado/refogado
Filé de coxa de frango com molho barbecue,ave,ao molho leve
Filé de coxa de frango com molho caipira,ave,ao molho leve
Filé de coxa de frango com molho curry,ave,ao molho leve
Filé de coxa de frango com molho de alho-poró,ave,ao molho leve
Filé de coxa de frango com molho de ervas,ave,ao molho leve
Filé de coxa de frango com molho de ervilha,ave,ao molho leve
Filé de coxa de frango com molho de laranja,ave,ao molho leve
Filé de coxa de frango com molho de manjericão,ave,ao molho leve
Filé de coxa de frango com molho de maracujá,ave,ao molho leve
Filé de coxa de frango com molho de mostarda,ave,ao molho leve
Filé de coxa de frango com molho de salsão,ave,ao molho leve
Filé de coxa de frango com molho ferrugem,ave,ao molho leve
Filé de coxa de frango com molho mostarda,ave,ao molho leve
Filé de coxa de frango com molho parisiense,ave,ao molho gorduroso
Filé de coxa de frango com molho roti,ave,ao molho leve
Filé de coxa de frango com molho shoyo,ave,ao molho leve
Filé de coxa de frango com molho suíço,ave,ao molho gorduroso
Filé de coxa de frango com moyashi,ave,grelhado/refogado
Filé de coxa de frango grelhado,ave,grelhado/refogado
Filé de coxa e sobrecoxa de frango com molho mostarda,ave,ao molho leve
Filé de coxa grelhada,ave,grelhado/refogado
File de coxa grelhado,ave,grelhado/refogado
Filé de coxa grelhado,ave,grelhado/refogado
Filé de frango,ave,grelhado/refogado
Filé de frango à caipira,ave,grelhado/refogado
Filé de frango à moda oriental,ave,grelhado/refogado
Filé de frango à parmegiana,ave,assado
Filé de frango à pizzaiollo,ave,ao molho leve
Filé de frango à pizzaiolo,ave,ao molho leve
Filé de frango à pomodoro,ave,ao molho leve
Filé de frango acebolado,ave,grelhado/refogado
Filé de frango ao moho ferrugem,ave,ao molho leve
Filé de frango ao molho argentino,ave,ao molho gorduroso
Filé de frango ao molho branco,ave,ao molho gorduroso
Filé de frango ao molho caipira,ave,ao molho leve
Filé de frango ao molho de cogumelos,ave,ao molho leve
File de frango ao molho de mostarda,ave,ao molho leve
Filé de frango ao molho de mostarda,ave,ao molho leve
Filé de frango ao molho ferrugem,ave,ao molho leve
Filé de frango ao molho mostarda,ave,ao molho leve
Filé de frango ao molho pizzaiolo,ave,ao molho leve
Filé de frango ao vinagrete,ave,ao molho leve
Filé de frango assado,ave,assado
Filé de frango com cogumelos,ave,grelhado/refogado
Filé de frango com molho cítrico,ave,ao molho leve
Filé de frango com molho de azeitonas,ave,ao molho leve
Filé de frango com molho de bacon,ave,ao molho gorduroso
Filé de frango com molho de cebola,ave,ao molho leve
Filé de frango com molho de cogumelo,ave,ao molho leve
Filé de frango com molho de cogumelos,ave,ao molho leve
Filé de frango com molho de ervas,ave,ao molho leve
Filé de frango com molho de laranja,ave,ao molho leve
Filé de frango com molho de maçã,ave,ao molho leve
Filé de frango com molho de maracujá,ave,ao molho leve
Filé de frango com molho de mostarda,ave,ao molho leve
Filé de frango com molho de tomate,ave,ao molho leve
Filé de frango com molho fazendinha,ave,ao molho gorduroso
Filé de frango com molho ferrugem,ave,ao molho leve
Filé de frango com molho mostarda,ave,ao molho leve
Filé de frango com molho parisiense,ave,ao molho gorduroso
Filé de frango com molho rose,ave,ao molho gorduroso
Filé de frango com molho rosé,ave,ao molho gorduroso
Filé de frango com molho roti,ave,ao molho leve
Filé de frango com molho roty,ave,ao molho leve
Filé de frango com molho shoyu,ave,ao molho leve
Filé de frango com molho suíço,ave,ao molho gorduroso
Filé de frango com vinagrete,ave,grelhado/refogado
Filé de frango de coxa de frango grelhado,ave,grelhado/refogado
Filé de frango empanado,ave,frito
Filé de frango empanado ao molho rosê,ave,ao molho gorduroso
Filé de frango empanado ao tomatelli,ave,ao molho leve
File de frango grelhado,ave,grelhado/refogado
Filé de frango grelhado,ave,grelhado/refogado
Filé de frango grelhado ao molho rosé,ave,ao molho leve
Filé de frango grelhado com molho de ervas,ave,ao molho leve
Filé de merluza à portuguesa,peixe,assado
Filé de merluza ao molho de ervas,peixe,ao molho leve
Filé de merluza empanado,peixe,frito
Filé de merluza frito,peixe,frito
Filé de peito de frango à caçadora,ave,ao molho gorduroso
Filé de peito de frango á milanesa,ave,frito
Filé de peito de frango à milanesa,ave,frito
Filé de peito de frango à pizzaiolo,ave,ao molho leve
Filé de peito de frango à pomodoro,ave,ao molho leve
Filé de peito de frango ao molho mostarda,ave,ao molho leve
Filé de peito de frango com molho barbecue,ave,ao molho leve
Filé de peito de frango com molho caçadora,ave,ao molho leve
Filé de peito de frango com molho caipira,ave,ao molho leve
Filé de peito de frango com molho cítrico,ave,ao molho leve
Filé de peito de frango com molho de abacaxi,ave,ao molho leve
Filé de peito de frango com molho de alecrim,ave,ao molho leve
Filé de peito de frango com molho de ameixa,ave,ao molho leve
Filé de peito de frango com molho de azeitonas,ave,ao molho gorduroso
Filé de peito de frango com molho de cogumelo,ave,ao molho leve
Filé de peito de frango com molho de ervas,ave,ao molho leve
Filé de peito de frango com molho de ervilha,ave,ao molho leve
Filé de peito de frango com molho de laranja,ave,ao molho leve
Filé de peito de frango com molho de limão,ave,ao molho leve
Filé de peito de frango com molho de manga,ave,ao molho leve
Filé de peito de frango com molho de manjericão,ave,ao molho leve
Filé de peito de frango com molho de maracujá,ave,ao molho leve
Filé de peito de frango com molho de mostarda,ave,ao molho leve
Filé de peito de frango com molho de moyashi,ave,ao molho leve
Filé de peito de frango com molho de pimentão,ave,ao molho leve
Filé de peito de frango com molho de vinho,ave,ao molho leve
Filé de peito de frango com molho ferrugem,ave,ao molho leve
Filé de peito de frango com molho mostarda,ave,ao molho leve
Filé de peito de frango com molho rosé,ave,ao molho gorduroso
Filé de peito de frango com molho roti,ave,ao molho leve
Filé de peito de frango com molho shoyo,ave,ao molho leve
Filé de peito de frango com molho vinagrete,ave,ao molho leve
Filé de peito de frango empanado,ave,frito
Filé de peito de frango grelhado,ave,grelhado/refogado
Filé de peito de frango grelhado acebolado,ave,grelhado/refogado
Filé de peito de frango grelhado com molho curry,ave,ao molho leve
Filé de peito de frango grelhado com molho de cebolas,ave,ao molho leve
Filé de peito de frango grelhado com molho de queijo,ave,ao molho gorduroso
Filé de peito de frango grelhado com molho de queijo e orégano,ave,ao molho gorduroso
Filé de peito de peru ao molho califórnia,ave,ao molho leve
Filé de peito de peru c/ molho califórnia,ave,ao molho leve
Filé de peito de peru com molho de palmito,ave,ao molho leve
Filé de peixe à baiana,peixe,ao molho gorduroso
Filé de peixe à dore (merluza),peixe,frito
Filé de peixe à escabeche,peixe,ao molho leve
Filé de peixe à parmegiana,peixe,assado
Filé de peixe à pomodoro,peixe,ao molho leve
Filé de peixe à portuguesa,peixe,ao molho leve
Filé de peixe ao molho escabeche,peixe,ao molho leve
Filé de peixe ao molho rose,peixe,ao molho gorduroso
Filé de peixe assado,peixe,assado
Filé de peixe assado com molho à portuguesa,peixe,ao molho leve
Filé de peixe com molho baiano,peixe,ao molho leve
Filé de peixe com molho de mostarda,peixe,ao molho leve
Filé de peixe com molho de tomate,peixe,ao molho leve
Filé de peixe com molho escabeche,peixe,ao molho leve
Filé de peixe com molho mostarda,peixe,ao molho leve
Filé de peixe dourado,peixe,assado
Filé de peixe frito,peixe,frito
Filé de peixe grelhado com molho de limão,peixe,ao molho leve
Filé de sobrecoxa,ave,grelhado/refogado
Filé de sobrecoxa à passarinho,ave,frito
Filé de sobrecoxa à pomodoro,ave,ao molho leve
Filé de sobrecoxa ao creme de cebola,ave,ao molho leve
Filé de sobrecoxa ao curry,ave,ao molho leve
Filé de sobrecoxa ao molho de cebola,ave,ao molho leve
Filé de sobrecoxa ao molho inglês,ave,ao molho leve
Filé de sobrecoxa ao pomodoro,ave,ao molho leve
Filé de sobrecoxa assada,ave,assado
Filé de sobrecoxa assado,ave,assado
Filé de sobrecoxa com creme de cebola,ave,ao molho leve
Filé de tilápia à baiana,peixe,ao molho gorduroso
Filé de tilápia à milanesa,peixe,frito
Filé de tilápia assado,peixe,assado
Filé de tilápia com molho à baiana,peixe,ao molho gorduroso
Filé de tilápia com molho de limão,peixe,ao molho leve
Filé de tilápia com molho de tomate,peixe,ao molho leve
Filé de tilápia com pimentões,peixe,grelhado/refogado
Filé de tilápia dourado,peixe,grelhado/refogado
Filé de tilápia empanado,peixe,frito
Filé frango empanado ao molho de mostarda,ave,ao molho leve
Filé peixe ao forno,peixe,assado
Frango à brasileira,ave,cozido
Frango à copacabana,ave,cozido
Frango à marguerita,ave,cozido
Frango à mexicana,ave,cozido
Frango à milanesa,ave,frito
Frango à milanesa (contem glúten),ave,frito
Frango à milanesa (contém glúten),ave,frito
Frango à milanesa (glúten),ave,frito
Frango à milanesa(contém glúten),ave,frito
Frango a moda caipira,ave,grelhado/refogado
Frango à moda caipira,ave,grelhado/refogado
Frango à oriental,ave,grelhado/refogado
Frango à passarinho,ave,frito
Frango à pizzaiolo,ave,ao molho leve
Frango à provençal,ave,assado
Frango à rolê,ave,assado
Frango acebolado (filé de sobrecoxa),ave,grelhado/refogado
Frango ao forno,ave,assado
Frango ao forno com alecrim,ave,assado
Frango ao molho bechamel,ave,ao molho gorduroso
Frango ao molho chinês,ave,ao molho leve
Frango ao molho de mostarda,ave,ao molho leve
Frango ao molho primavera,ave,ao molho leve
Frango ao molho sugo,ave,ao molho leve
Frango ao sugo,ave,ao molho leve
Frango assado,ave,assado
Frango assado acebolado,ave,assado
Frango assado com molho caipira,ave,ao molho leve
Frango assado com molho carbonara,ave,ao molho leve
Frango assado com molho curry,ave,ao molho leve
Frango assado com molho de ervas,ave,ao molho leve
Frango assado com molho de mostarda,ave,ao molho leve
Frango assado com molho de tomate,ave,ao molho leve
Frango assado com molho de tomates,ave,ao molho leve
Frango assado escabelado,ave,cozido
Frango caipira,ave,cozido
Frango com molho de alho,ave,ao molho leve
Frango com molho de ervilhas,ave,ao molho leve
Frango com molho de laranja,ave,ao molho leve
Frango com quiabo,ave,grelhado/refogado
Frango com quiabo (file de peito de frango),ave,grelhado/refogado
Frango crocante,ave,frito
Frango crocante (contém glúten),ave,frito
Frango crocante (glúten),ave,frito
Frango desfiado,ave,cozido
Frango desfiado ao molho sugo,ave,ao molho leve
Frango em cubos,ave,cozido
Frango em cubos à caçadora,ave,ao molho gorduroso
Frango em tiras,ave,grelhado/refogado
Frango em tiras à caipira,ave,grelhado/refogado
Frango em tiras com molho de cogumelos,ave,ao molho leve
Frango em tiras com molho de ervilhas,ave,ao molho leve
Frango em tiras com molho rosé,ave,ao molho gorduroso
Frango em tiras com molho shoyu,ave,ao molho leve
Frango em tiras com molho shoyu e cebola,ave,ao molho leve
Frango em tiras empanadas,ave,frito
Frango empanado,ave,frito
Frango escabelado,ave,cozido
Frango grelhado,ave,grelhado/refogado
Frango grelhado ao molho de mostarda,ave,ao molho leve
Frango na panela,ave,cozido
Frango teriaki,ave,ao molho leve
Frango xadrez,ave,ao molho leve
Fricasse de frango,ave,ao molho gorduroso
Fricassé de frango,ave,ao molho gorduroso
Fricassê de frango,ave,ao molho gorduroso
Fricassê de frango (contém lactose),ave,ao molho gorduroso
Fricassê de frango (lactose),ave,ao molho gorduroso
Goulash,bovina,grelhado/refogado
Goulash (miolo da paleta),bovina,grelhado/refogado
Guisado,bovina,grelhado/refogado
Hambúrguer,processada,frito
Hambúrguer à carbonara,processada,ao molho leve
Hambúrguer à napolitana,processada,assado
Hamburguer à pizzaiolo,processada,ao molho leve
Hambúrguer a pizzaiolo,processada,ao molho leve
Hambúrguer à pizzaiolo,processada,ao molho leve
Hambúrguer a pizzaiolo (contem lactose),processada,ao molho leve
Hambúrguer acebolado,processada,frito
Hambúrguer ao molho barbecue,processada,ao molho leve
Hambúrguer ao molho de mostarda e queijo,processada,ao molho gorduroso
Hambúrguer ao molho de mostarda e queijos,processada,ao molho gorduroso
Hambúrguer ao molho de queijo,processada,ao molho gorduroso
Hamburguer ao molho de queijo e mostarda,processada,ao molho gorduroso
Hambúrguer ao molho de queijo e mostarda,processada,ao molho gorduroso
Hambúrguer ao molho ferrugem,processada,ao molho leve
Hamburguer ao molho italiano,processada,ao molho leve
Hambúrguer ao molho italiano,processada,ao molho leve
Hambúrguer ao molho pizzaiolo,processada,ao molho leve
Hambúrguer ao molho roty,processada,ao molho leve
Hambúrguer ao molho sugo,processada,ao molho leve
Hambúrguer ao sugo,processada,ao molho leve
Hambúrguer ao tomatelli,processada,ao molho leve
Hambúrguer assado,processada,assado
Hambúrguer com cebola e azeitona,processada,frito
Hambúrguer com molho americano,processada,ao molho gorduroso
Hambúrguer com molho barbecue,processada,ao molho leve
Hambúrguer com molho de mostarda,processada,ao molho leve
Hambúrguer com molho de tomate,processada,ao molho leve
Hambúrguer com molho de vinho,processada,ao molho leve
Hambúrguer com molho ferrugem,processada,ao molho leve
Hambúrguer com molho napolitano,processada,ao molho leve
Hambúrguer com molho pizzaiolo,processada,ao molho leve
Hambúrguer com molho pomodoro,processada,ao molho leve
Hambúrguer com molho roti,processada,ao molho leve
Hambúrguer com molho vinagrete,processada,ao molho leve
Hamburguer com vinagrete,processada,frito
Hambúrguer de forno,processada,assado
Hamburguer grelhado,processada,assado
Hambúrguer grelhado,processada,grelhado/refogado
Hambúrguer pizzaiolo (contém lactose),processada,ao molho leve
Isca ao molho ferrugem,bovina,ao molho leve
Isca bovina acebolada,bovina,frito
Isca bovina ao molho madeira,bovina,ao molho leve
Isca bovina ao molho rotti,bovina,ao molho leve
Isca chinesa,bovina,frito
Isca de carne,bovina,frito
Isca de carne à chinesa,bovina,frito
Isca de carne à moda chinesa,bovina,frito
Isca de carne à moda oriental,bovina,frito
Isca de carne à primavera,bovina,frito
Isca de carne acebolada,bovina,frito
Isca de carne ao molho especial,bovina,ao molho gorduroso
Isca de carne ao molho roty,bovina,ao molho leve
Isca de carne ao sugo,bovina,ao molho leve
Isca de carne ao vinagrete,bovina,ao molho leve
Isca de carne chinesa,bovina,frito
Isca de carne com molho ferrugem,bovina,ao molho leve
Isca de carne com pimentões,bovina,frito
Isca de frango,ave,frito
Isca de frango à milanesa,ave,frito
Isca de frango à milanesa (contém glúten),ave,frito
Isca de frango à moda chinesa,ave,frito
Isca de frango à moda oriental,ave,frito
Isca de frango ao creme de cebola,ave,ao molho leve
Isca de frango com molho cítrico,ave,ao molho leve
Isca de frango com molho de abacaxi,ave,ao molho leve
Isca de frango com molho vinagrete,ave,ao molho leve
Isca de frango grelhada,ave,grelhado/refogado
Isca de frango grelhado,ave,grelhado/refogado
Isca de peixe frito,peixe,frito
Iscas a chinesa,bovina,frito
Iscas ao molho de bacon,bovina,ao molho gorduroso
Iscas ao molho de champignon,bovina,ao molho leve
Iscas bovinas com molho roty,bovina,ao molho leve
Iscas chinesa,bovina,frito
Iscas de carne à chinesa,bovina,frito
Iscas de carne à chinesa (contra filé),bovina,frito
Iscas de carne à oriental,bovina,frito
Iscas de carne acebolada,bovina,frito
Iscas de carne aceboladas,bovina,frito
Iscas de carne ao molho barbecue,bovina,ao molho leve
Iscas de carne ao molho chinês,bovina,ao molho leve
Iscas de carne ao vinagrete,bovina,ao molho leve
Iscas de carne chinesa,bovina,frito
Iscas de carne com calabresa,bovina,frito
Iscas de carne com carne seca,bovina,frito
Iscas de carne com carne seca acebolada,bovina,frito
Iscas de carne com cogumelos,bovina,frito
Iscas de carne com linguiça calabresa e molho argentino,bovina,ao molho gorduroso
"Iscas de carne com linguiça calabresa, molho e bacon",bovina,ao molho gorduroso
Iscas de carne com molho de cogumelos,bovina,ao molho leve
Iscas de carne com molho de ervas,bovina,ao molho leve
Iscas de carne com molho de tomate,bovina,ao molho leve
Iscas de carne com molho especial,bovina,ao molho gorduroso
Iscas de carne com molho madeira,bovina,ao molho leve
Iscas de carne com molho roty,bovina,ao molho leve
Iscas de carne com seca,bovina,ao molho leve
Iscas de carne grelhadas,bovina,grelhado/refogado
Iscas de frango,ave,frito
Iscas de frango à chinesa,ave,frito
Iscas de frango à milanesa,ave,frito
Iscas de frango acebolada,ave,frito
Iscas de frango aceboladas,ave,frito
Iscas de frango ao m. mostarda (sassami),ave,ao molho leve
Iscas de frango ao molho mostarda,ave,ao molho leve
Iscas de frango ao molho primavera,ave,ao molho leve
Iscas de frango ao sugo,ave,ao molho leve
Iscas de frango com molho à cigana,ave,ao molho leve
Iscas de frango com molho aurora,ave,ao molho gorduroso
Iscas de frango com molho caipira,ave,ao molho leve
Iscas de frango com molho de azeitonas,ave,ao molho leve
Iscas de frango com molho de ervas,ave,ao molho leve
Iscas de frango com molho de ervilha,ave,ao molho leve
Iscas de frango com molho de maracujá,ave,ao molho leve
Iscas de frango com molho shoyu,ave,ao molho leve
Iscas de frango com vinagrete,ave,ao molho leve
Iscas de merluza à milanesa,peixe,ao molho gorduroso
Iscas grelhadas ao molho madeira,bovina,ao molho leve
Jardineira de carne moída,bovina,grelhado/refogado
Lagarto à califórnia,bovina,ao molho gorduroso
Lagarto à escabeche,bovina,ao molho gorduroso
Lagarto à pomodoro,bovina,ao molho leve
Lagarto ao m escuro (lagarto),bovina,ao molho leve
Lagarto ao molho barbecue,bovina,ao molho leve
Lagarto ao molho de champignon,bovina,ao molho leve
Lagarto ao molho de limão,bovina,ao molho leve
Lagarto ao molho de mostarda,bovina,ao molho leve
Lagarto ao molho ferrugem,bovina,ao molho leve
Lagarto ao molho italiano,bovina,ao molho leve
Lagarto ao molho madeira,bovina,ao molho leve
Lagarto ao molho roty,bovina,ao molho leve
Lagarto ao vinagrete,bovina,ao molho leve
Lagarto assado,bovina,assado
Lagarto assado ao molho de cogumelos,bovina,ao molho leve
Lagarto assado ao molho de ervas,bovina,ao molho leve
Lagarto assado ao molho madeira,bovina,ao molho leve
Lagarto assado ao molho roty,bovina,ao molho leve
Lagarto assado ao vinagrete,bovina,ao molho leve
Lagarto assado com molho de azeitonas,bovina,ao molho leve
Lagarto assado com molho de mostarda,bovina,ao molho leve
Lagarto assado com molho ferrugem,bovina,ao molho leve
Lagarto assado com molho madeira,bovina,ao molho leve
Lagarto assado com molho roti,bovina,ao molho leve
Lagarto assado com molho vinho,bovina,ao molho leve
Lagarto com molho à caçadora,bovina,ao molho gorduroso
Lagarto com molho caipira,bovina,ao molho leve
Lagarto com molho de ameixa,bovina,ao molho leve
Lagarto com molho de cogumelo,bovina,ao molho leve
Lagarto com molho de ervas,bovina,ao molho leve
Lagarto com molho de ervilhas,bovina,ao molho leve
Lagarto com molho de ferrugem,bovina,ao molho leve
Lagarto com molho de moyashi,bovina,ao molho leve
Lagarto com molho de pimentões,bovina,ao molho leve
Lagarto com molho de salsão,bovina,ao molho leve
Lagarto com molho de vinho,bovina,ao molho leve
Lagarto com molho ferrugem,bovina,ao molho leve
Lagarto com molho madeira,bovina,ao molho leve
Lagarto com molho mostarda,bovina,ao molho leve
Lagarto com molho picante,bovina,ao molho leve
Lagarto com molho pimentão,bovina,ao molho leve
Lagarto com molho roti,bovina,ao molho leve
Lagarto com molho roty,bovina,ao molho leve
Lagarto com molho shoyo,bovina,ao molho leve
Lagarto em cubos,bovina,cozido
Lagarto louco,bovina,cozido
Lasanha,bovina,ao molho leve
Lasanha a bolonhesa,bovina,ao molho leve
Lasanha à bolonhesa,bovina,ao molho leve
Lasanha de carne,bovina,ao molho leve
Lasanha de carne com molho de tomates,bovina,ao molho leve
Lasanha de carne moída,bovina,ao molho leve
Linguiça acebolada,processada,frito
Lingüiça acebolada,processada,frito
Linguiça ao tomateli,processada,ao molho leve
Linguiça ao tomatelli,processada,ao molho leve
Lingüiça ao tomatelli,processada,ao molho leve
Linguiça ao vinagrete,processada,ao molho leve
Linguiça assada,processada,assado
Linguiça assada com molho vinagrete,processada,ao molho leve
Lingüiça assado,processada,assado
Linguiça com molho barbecue,processada,ao molho leve
Linguiça com molho de ervas,processada,ao molho leve
Linguiça com molho de vinagrete,processada,ao molho leve
Linguiça com molho picante,processada,ao molho leve
Linguiça com molho vinagrete,processada,ao molho leve
Linguiça com vinagrete,processada,ao molho leve
Linguiça de frango,processada,grelhado/refogado
Linguiça de frango à caipira,processada,grelhado/refogado
Lingüiça de frango acebolada,processada,frito
Linguiça de frango acebolado,processada,frito
Lingüiça de frango ao tomatelli,processada,ao molho leve
Lingüiça de frango com pimentão,processada,frito
Lingüiça de frango com pimentões,processada,frito
Linguiça de frango fininha,processada,grelhado/refogado
Lingüiça suína acebolada,processada,frito
Lingüiça suína ao tomatelli,processada,ao molho leve
Linguiça toscana,processada,grelhado/refogado
Lingüiça toscana,processada,grelhado/refogado
Linguiça toscana (contém glúten),processada,grelhado/refogado
Linguiça toscana acebolada,processada,frito
Lingüiça toscana acebolada,processada,frito
Linguiça toscana assada,processada,assado
Lombo à califórnia,suína,cozido
Lombo ao m. vinagrete (pernil),suína,ao molho leve
Lombo ao molho barbacure,suína,ao molho leve
Lombo ao molho barbecue,suína,ao molho leve
Lombo ao molho barbecure,suína,ao molho leve
Lombo ao molho de ervas,suína,ao molho leve
Lombo ao molho de limão,suína,ao molho leve
Lombo ao molho de roty,suína,ao molho leve
Lombo ao molho roty,suína,ao molho leve
Lombo ao shoyo,suína,ao molho leve
Lombo ao shoyu,suína,ao molho leve
Lombo assado,suína,assado
Lombo assado ao molho barbecue,suína,ao molho leve
Lombo assado ao molho de limão,suína,ao molho leve
Lombo assado com abacaxi,suína,assado
Lombo assado com molho de ameixa,suína,ao molho leve
Lombo assado com molho de ervas,suína,ao molho leve
Lombo assado com molho ferrugem,suína,ao molho leve
Lombo com abacaxi,suína,grelhado/refogado
Lombo com molho de abacaxi,suína,ao molho leve
Lombo com molho de limão,suína,ao molho leve
Lombo com molho de mostarda,suína,ao molho leve
Lombo com molho ferrugem,suína,ao molho leve
Lombo com molho roti,suína,ao molho leve
Lombo desfiado,suína,grelhado/refogado
Lombo desfiado com legumes,suína,grelhado/refogado
Lombo louco,suína,cozido
Lombo suíno ao molho barbecue,suína,ao molho leve
Lombo suíno ao molho de laranja,suína,ao molho leve
Lombo suíno assado,suína,assado
Lombo suíno desfiado,suína,assado
Lombo suíno fatiado,suína,cozido
Merluza ao molho de alecrim,peixe,ao molho leve
Moqueca de peixe,peixe,cozido
Moqueca de peixe (merluza),peixe,cozido
Omelete,ovo,frito
Ovo frito,ovo,frito
Ovos à pomodoro,ovo,ao molho leve
Ovos fritos,ovo,frito
Ovos mexidos,ovo,frito
Panqueca de carne,bovina,grelhado/refogado
Panqueca de carne moída,bovina,assado
Panqueca de frango,ave,assado
Panqueca de frango com molho branco,ave,assado
Parmegiana de peixe (contem glúten e lactose),peixe,assado
Parmegiana de peixe (contém glúten e lactose),peixe,assado
Parmegiana de peixe (contém glúten),peixe,assado
Parmegiana de peixe (contem lactose),peixe,assado
Parmegiana de peixe (glúten e lactose),peixe,assado
Parmegiana frango (contém lactose e glúten),ave,assado
Peito de frango ao sugo,ave,assado
Peito de frango em cubos com pimentão,ave,grelhado/refogado
Peito de frango grelhado,ave,grelhado/refogado
Peixada ao leite de coco,peixe,cozido
Peixada com leite de coco,peixe,cozido
Peixada de leite de coco,peixe,cozido
Peixe à milanesa,peixe,frito
Peixe à moda conceição,peixe,assado
Peixe à portuguesa,peixe,assado
Peixe ao brás,peixe,frito
Peixe ao forno,peixe,assado
Peixe ao m. de espinafre (merluza),peixe,ao molho leve
Peixe ao m. de tomate com pimentões (tilápia),peixe,ao molho leve
Peixe ao molho de espinafre,peixe,ao molho leve
Peixe ao molho de queijos,peixe,ao molho gorduroso
Peixe assado,peixe,assado
Peixe assado à moda conceição,peixe,assado
Peixe assado à portuguesa,peixe,assado
Peixe assado com molho de ervas,peixe,ao molho leve
Peixe assado com molho de limão,peixe,ao molho leve
Peixe assado com molho de limão e ervas,peixe,ao molho leve
"Peixe com alho, alecrim e raspas de laranja",peixe,ao molho leve
Peixe com leite de coco,peixe,ao molho gorduroso
Peixe com molho à portuguesa,peixe,ao molho gorduroso
Peixe com molho de pimentões,peixe,ao molho leve
Peixe com molho mostarda,peixe,ao molho leve
Peixe crocante,peixe,frito
Peixe empanado,peixe,frito
Peixe frito,peixe,frito
Peixe oriental,peixe,assado
Pernil acebolado,suína,assado
Pernil acebolado com molho barbecue,suína,ao molho leve
Pernil ao molho barbecue,suína,ao molho leve
Pernil ao molho de abacaxi,suína,ao molho leve
Pernil ao molho de laranja,suína,ao molho leve
Pernil ao molho roty,suína,ao molho leve
Pernil assado,suína,assado
Pernil assado ao vinagrete,suína,ao molho leve
Pernil assado com abacaxi,suína,assado
Pernil assado com maracujá,suína,assado
Pernil assado com molho barbecue,suína,ao molho leve
Pernil assado com molho de abacaxi,suína,ao molho leve
Pernil assado com molho de frutas,suína,ao molho leve
Pernil assado com molho de limão,suína,ao molho leve
Pernil com abacaxi,suína,ao molho leve
Pernil com cebola e pimentão,suína,ao molho leve
Pernil com molho barbecue,suína,ao molho leve
Pernil com molho de limão,suína,ao molho leve
Pernil desfiado,suína,grelhado/refogado
Pernil desfiado acebolado,suína,grelhado/refogado
Pernil em cubos,suína,grelhado/refogado
Pernil em cubos acebolado,suína,grelhado/refogado
Pernil louco,suína,grelhado/refogado
Pernil suíno,suína,grelhado/refogado
Pernil suíno acebolado,suína,grelhado/refogado
Pernil suíno com molho barbecue,suína,grelhado/refogado
Picadinho a brasileira,bovina,grelhado/refogado
Picadinho à brasileira,bovina,grelhado/refogado
Picadinho com mandioca,bovina,grelhado/refogado
Picadinho de carne,bovina,grelhado/refogado
Picadinho de carne com batatas,bovina,grelhado/refogado
Picado de carne com calabresa,bovina,grelhado/refogado
Quibe,bovina,assado
Quibe assado,bovina,assado
Quibe assado (contém glúten),bovina,assado
Quibe assado (glúten),bovina,assado
Quibe de assadeira,bovina,assado
Quibe de assadeira com queijo,bovina,assado
Quibe de bandeja,bovina,assado
Quibe de forno,bovina,assado
Quibe pronto,bovina,assado
Quibe pronto assado,bovina,assado
Ragu de carne,bovina,cozido
Rocambole de carne,bovina,assado
Rocambole de carne (contém gluten),bovina,assado
Rocambole de carne (contém glúten),bovina,assado
Rocambole de carne com queijo e cenoura,bovina,assado
Rocambole de frango,ave,assado
Rocambole recheado,bovina,assado
Rolê de frango,ave,assado
Role de frango ao pomodoro,ave,ao molho leve
Rolê de frango ao sugo,ave,ao molho leve
Rolê de frango com molho de laranja,ave,ao molho leve
Rolê de frango com molho de tomate,ave,ao molho leve
Rolê de frango com molho shoyo,ave,ao molho leve
Salsicha,processada,cozido
Salsicha ao sugo,processada,ao molho leve
Salsicha com molho americano,processada,ao molho gorduroso
Salsicha com molho barbecue,processada,ao molho leve
Salsicha com molho de tomate,processada,ao molho leve
Salsicha com molho de tomate e cebola,processada,ao molho leve
Salsicha com molho de tomates,processada,ao molho leve
Salsicha com queijo e molho sugo,processada,ao molho leve
Sassami acebolado (sassami),ave,cozido
Sobrecoxa à pomodoro,ave,ao molho leve
Sobrecoxa ao molho de ervas,ave,ao molho leve
Sobrecoxa ao molho de hortelã,ave,ao molho leve
Sobrecoxa ao molho de laranja,ave,ao molho leve
Sobrecoxa ao molho pomodoro,ave,ao molho leve
Sobrecoxa assada,ave,assado
Sobrecoxa com cebola,ave,grelhado/refogado
Sobrecoxa de frango à califórnia,ave,ao molho leve
Sobrecoxa de frango acebolada,ave,assado
Sobrecoxa de frango com molho à caçadora,ave,ao molho leve
Sobrecoxa de frango com molho caçadora,ave,ao molho leve
Sobrecoxa de frango com molho de alecrim,ave,ao molho leve
Sobrecoxa de frango com molho de azeitonas,ave,ao molho gorduroso
Sobrecoxa de frango com molho de ervas,ave,ao molho leve
Sobrecoxa de frango com molho de ervilha,ave,ao molho leve
Sobrecoxa de frango com molho de hortelã,ave,ao molho leve
Sobrecoxa de frango com molho de salsão,ave,ao molho leve
Sobrecoxa de frango com molho fazendinha,ave,ao molho leve
Sobrecoxa de frango com molho ferrugem,ave,ao molho leve
Sobrecoxa de frango com molho mostarda,ave,ao molho leve
Steak,processada,grelhado/refogado
Steak à pizzaiolo,processada,ao molho leve
Steak de frango,processada,grelhado/refogado
Steak de frango à pizzaiolo,processada,ao molho leve
Steak de frango ao molho pizzaiolo,processada,ao molho leve
Steak de frango ao molho sugo,processada,ao molho leve
Strogonof de carne,bovina,ao molho gorduroso
Strogonof de frango,ave,ao molho gorduroso
Strogonofe de carne,bovina,ao molho gorduroso
Strogonofe de frango,ave,ao molho gorduroso
Strogonoff de carne,bovina,ao molho gorduroso
Strogonoff de carne (contém lactose),bovina,ao molho gorduroso
Strogonoff de carne (lactose),bovina,ao molho gorduroso
Strogonoff de frango,ave,ao molho gorduroso
Strogonoff de frango (contem lactose),ave,ao molho gorduroso
Strogonoff de frango (contém lactose),ave,ao molho gorduroso
Strogonoff de frango (lactose),ave,ao molho gorduroso
Tilapia à milanesa,peixe,frito
Tilápia à milanesa,peixe,frito
Tilápia frita,peixe,frito
Tiras bovinas ao molho de mostarda,bovina,ao molho leve
Tiras de carne à caçadora,bovina,grelhado/refogado
Tiras de carne à chinesa,bovina,ao molho leve
Tiras de carne acebolada,bovina,grelhado/refogado
Tiras de carne com cogumelos,bovina,ao molho leve
Tiras de carne com molho ferrugem,bovina,grelhado/refogado
Tiras de carne com moyashi,bovina,grelhado/refogado
Tiras de carnes com molho de alho poró,bovina,ao molho leve
Tiras de frango com molho ervas,ave,ao molho leve
Tiras de frango com molho rosé,ave,ao molho leve
Tiras de frango com molho roti,ave,ao molho leve
Tiras de peito de frango com molho cítrico,ave,ao molho leve
Tiras de peixe à milanesa,peixe,frito
Torta a madalena,bovina,assado
Torta à madalena,bovina,assado
Torta madalena,bovina,assado
Torta madalena de carne,bovina,assado
Torta madalena de frango,ave,assado
Torta madalena de linguiça,processada,assado
Yakisoba,ave,ao molho leve