Abóbora à italiana|legume|cozido/assado|Amarelo/Laranja||||
Abóbora ao alho|legume|cozido/assado|Amarelo/Laranja||||
Abóbora ao alho e óleo|legume|cozido/assado|Amarelo/Laranja||||
Abóbora ao forno|legume|cozido/assado|Amarelo/Laranja||||
Abóbora assada com alecrim|legume|cozido/assado|Amarelo/Laranja||||
Abóbora com alecrim|legume|cozido/assado|Amarelo/Laranja||||
Abóbora com coentro|legume|cozido/assado|Amarelo/Laranja||||
Abóbora com ervas|legume|cozido/assado|Amarelo/Laranja||||
Abóbora com gengibre|legume|cozido/assado|Amarelo/Laranja||||
Abóbora com salsa|legume|cozido/assado|Amarelo/Laranja||||
Abóbora cozida|legume|cozido/assado|Amarelo/Laranja||||
Abóbora de forno|legume|cozido/assado|Amarelo/Laranja||||
Abóbora em cubos|legume|cozido/assado|Amarelo/Laranja||||
Abóbora gratinada|legume|cozido/assado|Amarelo/Laranja||||
Abóbora mandioca com salsa|legume|cozido/assado|Amarelo/Laranja|||Sociobiodiversidade|Regional
Abóbora na salsa|legume|cozido/assado|Amarelo/Laranja||||
Abóbora no vapor|legume|cozido/assado|Amarelo/Laranja||||
Abobora refogada|legume|refogado|Amarelo/Laranja||||
Abóbora refogada|legume|refogado|Amarelo/Laranja||||
Abóbora sauté|legume|refogado|Amarelo/Laranja||||
Abobrinha|legume|refogado|Verde||||Regional
Abobrinha à caponata|legume|refogado|Verde||||Regional
Abobrinha a escabeche|legume|refogado|Verde||||Regional
Abobrinha à escabeche|legume|refogado|Verde||||Regional
Abobrinha á espanhola|legume|refogado|Misto||Sulfuroso||Regional
Abobrinha à italiana|legume|refogado|Verde||||Regional
Abobrinha à juliana|legume|refogado|Verde||||Regional
Abobrinha à napolitana|legume|refogado|Verde||||Regional
Abobrinha à pizzaiolo|legume|refogado|Misto||||Regional
Abobrinha à pízzaiolo|legume|refogado|Misto||||Regional
Abobrinha à primavera|legume|refogado|Misto||||Regional
Abobrinha a salsa|legume|refogado|Verde||||Regional
Abobrinha à salsa|legume|refogado|Verde||||Regional
Abóbrinha ao alho|legume|refogado|Verde||||Regional
Abobrinha ao alho e óleo|legume|refogado|Verde||||Regional
Abobrinha ao forno|legume|cozido/assado|Verde||||Regional
Abobrinha ao forno com orégano|legume|cozido/assado|Verde||||Regional
Abobrinha ao m. shoyu / Berinjela ao m. tomate com manjericão|legume|refogado|Misto||||Regional
Abobrinha ao molho de dois queijos|legume|cozido/assado|Misto||||Regional
Abobrinha ao molho de queijo|legume|cozido/assado|Misto||||Regional
Abobrinha ao vinagrete|legume|refogado|Misto||Sulfuroso||Regional
Abobrinha aromática|legume|refogado|Verde||||Regional
Abobrinha |legume|refogado|Verde||||Regional
Abobrinha com azeitonas|legume|refogado|Verde||||Regional
Abobrinha com ervas finas|legume|refogado|Verde||||Regional
Abobrinha com manjericão|legume|refogado|Verde||||Regional
Abobrinha com orégano|legume|refogado|Verde||||Regional
Abobrinha com salsa|legume|refogado|Verde||||Regional
Abobrinha com tomate|legume|refogado|Misto||||Regional
Abobrinha com tomate e cebola em pétalas|legume|refogado|Misto||Sulfuroso||Regional
Abobrinha com tomate-cereja|legume|refogado|Misto||||Regional
Abobrinha italiana|legume|refogado|Verde||||Regional
Abobrinha laminada com orégano|legume|refogado|Verde||||Regional
Abobrinha na manteiga|legume|refogado|Verde||||Regional
Abobrinha napolitana|legume|cozido/assado|Misto||||Regional
Abobrinha ralada refogada|legume|refogado|Verde||||Regional
Abobrinha refogada|legume|refogado|Verde||||Regional
Abobrinha sauté|legume|refogado|Verde||||Regional
Abobrinha temperada|legume|refogado|Verde||||Regional
Acelga à chinesa|folhosos|refogado|Verde||Sulfuroso||
Acelga à provençal|folhosos|refogado|Verde||Sulfuroso||
Acelga áà provençal|folhosos|refogado|Verde||Sulfuroso||
Acelga ao alho|folhosos|refogado|Verde||Sulfuroso||
Acelga ao alho e óleo|folhosos|refogado|Verde||Sulfuroso||
Acelga com cenoura refogada|folhosos|refogado|Misto||Sulfuroso||
Acelga com molho shoyo|folhosos|refogado|Verde||Sulfuroso||
Acelga com molho shoyu|folhosos|refogado|Verde||Sulfuroso||
Acelga com salsão|folhosos|refogado|Verde||Sulfuroso||
Acelga com shoyo|folhosos|refogado|Verde||Sulfuroso||
Acelga com shoyu|folhosos|refogado|Verde||Sulfuroso||
Acelga e cenoura refogadas|folhosos|refogado|Misto||Sulfuroso||
Acelga no vapor|folhosos|cozido/assado|Verde||Sulfuroso||
Acelga refogada|folhosos|refogado|Verde||Sulfuroso||
Almeirão á provençal|folhosos|refogado|Verde||||
Antepasto de berinjela|legume|refogado|Roxo/preto||||Regional
Arroz à grega|cereal (arroz)|cozido/assado|Misto||||
Arroz à piamontese|cereal (arroz)|cozido/assado|Branco/Cinza|Pastoso|||
Arroz à primavera|cereal (arroz)|cozido/assado|Misto||||
Arroz caipira|cereal (arroz)|cozido/assado|Misto||||
Arroz chop suey|cereal (arroz)|cozido/assado|Misto||||
Arroz colorido|cereal (arroz)|cozido/assado|Misto||||
Arroz com alho poro e açafrão|cereal (arroz)|cozido/assado|Misto||||
Arroz com lentilha|cereal (arroz)|cozido/assado|Misto||Sulfuroso||
Arroz com lentilha e açafrão|cereal (arroz)|cozido/assado|Misto||Sulfuroso||
Arroz com salsa|cereal (arroz)|cozido/assado|Branco/Cinza||||
Arroz piamontês|cereal (arroz)|cozido/assado|Branco/Cinza||||
Arroz temperado|cereal (arroz)|cozido/assado|Branco/Cinza||||
Banana à milanesa|fruta|frito|Amarelo/Laranja||||
Batata|tubérculo|cozido/assado|Amarelo/Laranja||||
Batata ao forno|tubérculo|cozido/assado|Amarelo/Laranja||||
Batata assada|tubérculo|cozido/assado|Amarelo/Laranja||||
Batata bolinha|tubérculo|cozido/assado|Amarelo/Laranja||||
Batata bolinha corada|tubérculo|cozido/assado|Amarelo/Laranja||||
Batata chips|tubérculo|frito|Amarelo/Laranja||||
Batata com alecrim|tubérculo|cozido/assado|Amarelo/Laranja||||
Batata com ervas|tubérculo|cozido/assado|Amarelo/Laranja||||
Batata com orégano|tubérculo|cozido/assado|Amarelo/Laranja||||
Batata com salsa|tubérculo|cozido/assado|Amarelo/Laranja||||
Batata corada|tubérculo|cozido/assado|Amarelo/Laranja||||
Batata doce|tubérculo|cozido/assado|Amarelo/Laranja||Sulfuroso||
Batata doce ao forno|tubérculo|cozido/assado|Amarelo/Laranja||Sulfuroso||
Batata doce caramelada|tubérculo|cozido/assado|Amarelo/Laranja||Sulfuroso||
Batata doce chips|tubérculo|frito|Amarelo/Laranja||Sulfuroso||
Batata doce com alecrim|tubérculo|cozido/assado|Amarelo/Laranja||Sulfuroso||
Batata doce corada|tubérculo|cozido/assado|Amarelo/Laranja||Sulfuroso||
Batata doce na manteiga|tubérculo|cozido/assado|Amarelo/Laranja||Sulfuroso||
Batata doce sauté|tubérculo|cozido/assado|Amarelo/Laranja||Sulfuroso||
Batata dorê|tubérculo|cozido/assado|Amarelo/Laranja||||
Batata frita|tubérculo|frito|Amarelo/Laranja||||
Batata napolitana|tubérculo|cozido/assado|Amarelo/Laranja||||
Batata palha|tubérculo|frito|Amarelo/Laranja||||
Batata portuguesa|tubérculo|cozido/assado|Amarelo/Laranja||Sulfuroso||
Batata rustica|tubérculo|cozido/assado|Amarelo/Laranja||||
Batata rústica|tubérculo|cozido/assado|Amarelo/Laranja||||
Batata rústica com ervas|tubérculo|cozido/assado|Amarelo/Laranja||||
Batata saute|tubérculo|cozido/assado|Amarelo/Laranja||||
Batata sauté|tubérculo|cozido/assado|Amarelo/Laranja||||
Batata sautê|tubérculo|cozido/assado|Amarelo/Laranja||||
Batata sauté com açafrão|tubérculo|cozido/assado|Amarelo/Laranja||||
Batata sautê com açafrão|tubérculo|cozido/assado|Amarelo/Laranja||||
Batata souté|tubérculo|cozido/assado|Amarelo/Laranja||||
Batata-doce chips|tubérculo|frito|Amarelo/Laranja||Sulfuroso||
Batata-doce com orégano|tubérculo|cozido/assado|Amarelo/Laranja||Sulfuroso||
Batata-doce corada|tubérculo|cozido/assado|Amarelo/Laranja||Sulfuroso||
Batata-doce corada com salsa e alho|tubérculo|cozido/assado|Amarelo/Laranja||Sulfuroso||
Batata-doce sauté|tubérculo|cozido/assado|Amarelo/Laranja||Sulfuroso||
Batata-frita|tubérculo|frito|Amarelo/Laranja||||
Batata-palha|tubérculo|frito|Amarelo/Laranja||||
Batatas assadas com alecrim|tubérculo|cozido/assado|Amarelo/Laranja||||
Berinjela á camponata|legume|cozido/assado|Roxo/preto||||Regional
Berinjela à caponata|legume|cozido/assado|Roxo/preto||||Regional
Berinjela á carbonara|legume|cozido/assado|Roxo/preto||||Regional
Berinjela à carbonara|legume|cozido/assado|Roxo/preto||||Regional
Berinjela à escabeche|legume|cozido/assado|Roxo/preto||||Regional
Berinjela à grega|legume|cozido/assado|Misto||||Regional
Berinjela à indiana|legume|cozido/assado|Misto||||Regional
Berinjela à italiana|legume|cozido/assado|Roxo/preto||||Regional
Berinjela à napolitana|legume|cozido/assado|Misto||||Regional
Berinjela a pizzaiolo|legume|cozido/assado|Misto||||Regional
Berinjela ao forno|legume|cozido/assado|Roxo/preto||||Regional
Berinjela ao m. de tomate e manjericão|legume|cozido/assado|Misto||||Regional
Berinjela assada|legume|cozido/assado|Roxo/preto||||Regional
Berinjela com abobrinha|legume|refogado|Misto||||Regional
Berinjela com azeitona|legume|refogado|Roxo/preto||||Regional
Berinjela com azeitonas|legume|refogado|Roxo/preto||||Regional
Berinjela com cebolas e pimentões|legume|refogado|Misto||Sulfuroso||Regional
Berinjela com molho de tomate|legume|refogado|Misto||||Regional
Berinjela com molho vinagrete|legume|refogado|Misto||Sulfuroso||Regional
Berinjela com orégano|legume|refogado|Roxo/preto||||Regional
Berinjela com passas|legume|refogado|Roxo/preto||||Regional
Berinjela com salsa|legume|refogado|Roxo/preto||||Regional
Berinjela com tomate|legume|refogado|Misto||||Regional
Berinjela com tomate e queijo|legume|cozido/assado|Misto||||Regional
Berinjela curtida|legume|refogado|Roxo/preto||||Regional
Berinjela de forno|legume|cozido/assado|Roxo/preto||||Regional
Berinjela napolitana|legume|cozido/assado|Misto||||Regional
Berinjela refogada|legume|refogado|Roxo/preto||||Regional
Berinjela refogado|legume|refogado|Roxo/preto||||Regional
Beterraba à juliana|legume|cozido/assado|Vermelho||||
Beterraba com salsa|legume|cozido/assado|Vermelho||||
Beterraba na salsa|legume|cozido/assado|Vermelho||||
Beterraba no vapor|legume|cozido/assado|Vermelho||||
Beterraba refogada|legume|refogado|Vermelho||||
Beterraba sauté|legume|refogado|Vermelho||||
Bolinho de arroz|cereal (arroz)|frito|Branco/Cinza||||
Brócolis (contém glúten)|folhosos|cozido/assado|Verde||Sulfuroso||
Brócolis à provençal|folhosos|cozido/assado|Verde||Sulfuroso||
Brócolis acebolado|folhosos|cozido/assado|Verde||Sulfuroso||
Brócolis ao alho|folhosos|cozido/assado|Verde||Sulfuroso||
Brocólis ao alho e óleo|folhosos|cozido/assado|Verde||Sulfuroso||
Brócolis ao alho e óleo|folhosos|cozido/assado|Verde||Sulfuroso||
Brócolis com alho|folhosos|cozido/assado|Verde||Sulfuroso||
Brócolis com cenoura|folhosos|cozido/assado|Misto||Sulfuroso||
Brócolis com couve flor|folhosos|cozido/assado|Misto||Sulfuroso||
Brócolis com milho|folhosos|cozido/assado|Misto||Sulfuroso||Regional
Brócolis com vinagrete|folhosos|cozido/assado|Misto||Sulfuroso||
Brócolis e couve flor sauté|folhosos|refogado|Misto||Sulfuroso||
Brócolis e couve flor sautê|folhosos|refogado|Misto||Sulfuroso||
Brócolis e couve-flor ao alho|folhosos|cozido/assado|Misto||Sulfuroso||
Brócolis e couve-flor no vapor|folhosos|cozido/assado|Misto||Sulfuroso||
Brócolis na manteiga|folhosos|refogado|Verde||Sulfuroso||
Brócolis no vapor|folhosos|cozido/assado|Verde||Sulfuroso||
Brócolis refogada|folhosos|refogado|Verde||Sulfuroso||
Brócolis refogado|folhosos|refogado|Verde||Sulfuroso||
Brócolis sauté|folhosos|refogado|Verde||Sulfuroso||
Caçarola de legumes|legume|cozido/assado|Misto||||
Canelone ao sugo|macarrão|cozido/assado|Misto||||
Canelone de queijo ao sugo|macarrão|cozido/assado|Misto||||
Capeletti de quatro queijos ao sugo|macarrão|cozido/assado|Misto||||
Caponata de abobrinha|legume|cozido/assado|Verde||||Regional
Caponata de berinjela|legume|cozido/assado|Roxo/preto||||Regional
Cebola à tirolesa|legume|frito|Branco/Cinza||Sulfuroso||
Cebola assada|legume|cozido/assado|Branco/Cinza||Sulfuroso||
Cenoura à juliana|legume|refogado|Amarelo/Laranja||||
Cenoura à primavera|legume|cozido/assado|Misto||||
Cenoura à provençal|legume|cozido/assado|Amarelo/Laranja||||
Cenoura a salsa|legume|cozido/assado|Amarelo/Laranja||||
Cenoura à salsa|legume|cozido/assado|Amarelo/Laranja||||
Cenoura com alho|legume|refogado|Amarelo/Laranja||||
Cenoura com alho-poró|legume|refogado|Amarelo/Laranja||||
Cenoura com brócolis|legume|cozido/assado|Misto||Sulfuroso||
Cenoura com ervilha|legume|refogado|Misto||Sulfuroso||
Cenoura com ervilhas|legume|refogado|Misto||Sulfuroso||
Cenoura com milho|legume|refogado|Misto||Sulfuroso||Regional
Cenoura com salsa|legume|refogado|Amarelo/Laranja||||
Cenoura com salsão|legume|refogado|Amarelo/Laranja||||
Cenoura com vagem|legume|refogado|Misto||||Regional
Cenoura e abóbora na manteiga|legume|cozido/assado|Misto||||
Cenoura e chuchu|legume|cozido/assado|Misto||||Regional
Cenoura e vagem sauté|legume|refogado|Misto||||Regional
Cenoura em cubos com ervilha|legume|cozido/assado|Misto||Sulfuroso||
Cenoura gratinada|legume|cozido/assado|Misto||||
Cenoura na salsa|legume|refogado|Amarelo/Laranja||||
Cenoura no vapor|legume|cozido/assado|Amarelo/Laranja||||
Cenoura palito|legume|cozido/assado|Amarelo/Laranja||||
Cenoura ralada|legume|refogado|Amarelo/Laranja||||
Cenoura refogada|legume|refogado|Amarelo/Laranja||||
Cenoura refogada com alho-poró|legume|refogado|Amarelo/Laranja||||
Cenoura refogada com orégano|legume|refogado|Amarelo/Laranja||||
Cenoura saute|legume|refogado|Amarelo/Laranja||||
Cenoura sauté|legume|refogado|Amarelo/Laranja||||
Cenoura sautè|legume|refogado|Amarelo/Laranja||||
Cenoura sautê|legume|refogado|Amarelo/Laranja||||
Cenoura temperada|legume|cozido/assado|Amarelo/Laranja||||
Cenoura vick|legume|cozido/assado|Amarelo/Laranja||||
Cenoura vicky|legume|cozido/assado|Amarelo/Laranja||||
Chuchu à italiana|legume|cozido/assado|Verde||||Regional
Chuchu à provençal|legume|refogado|Misto||||Regional
Chuchu |legume|cozido/assado|Verde||||Regional
Chuchu com alecrim|legume|cozido/assado|Verde||||Regional
Chuchu com alho frito|legume|cozido/assado|Verde||||Regional
Chuchu com azeitona|legume|cozido/assado|Verde||||Regional
Chuchu com azeitonas|legume|cozido/assado|Verde||||Regional
Chuchu com azeitonas e ervas|legume|cozido/assado|Verde||||Regional
Chuchu com bacon|legume|cozido/assado|Misto||||Regional
Chuchu com brócolis gratinado|legume|cozido/assado|Verde||Sulfuroso||Regional
Chuchu com cebolinha|legume|cozido/assado|Verde||||Regional
Chuchu com ervas|legume|cozido/assado|Verde||||Regional
Chuchu com ervas finas|legume|cozido/assado|Verde||||Regional
Chuchu com ervilha|legume|cozido/assado|Verde||Sulfuroso||Regional
Chuchu com hortelã|legume|cozido/assado|Verde||||Regional
Chuchu com manjericão|legume|cozido/assado|Verde||||Regional
Chuchu com milho|legume|cozido/assado|Verde||Sulfuroso||Regional
Chuchu com orégano|legume|cozido/assado|Verde||||Regional
Chuchu com salsa|legume|cozido/assado|Verde||||Regional
Chuchu crocante|legume|cozido/assado|Verde||||Regional
Chuchu gratinado|legume|cozido/assado|Misto||||Regional
Chuchu na salsa|legume|cozido/assado|Verde||||Regional
Chuchu no vapor|legume|cozido/assado|Verde||||Regional
Chuchu refogada|legume|refogado|Verde||||Regional
Chuchu refogado|legume|refogado|Verde||||Regional
Chuchu sauté|legume|refogado|Verde||||Regional
Chuchu temperado|legume|cozido/assado|Verde||||Regional
Chucrute|folhosos|cru|Verde||Sulfuroso||
Couve|folhosos|cru|Verde||Sulfuroso||Regional
Couve à provençal|folhosos|refogado|Verde||Sulfuroso||Regional
Couve ao alho|folhosos|refogado|Verde||Sulfuroso||Regional
Couve flor com alho poró|folhosos|cozido/assado|Branco/Cinza||Sulfuroso||
Couve flor com brócolis ao alho|folhosos|cozido/assado|Branco/Cinza||Sulfuroso||
Couve flor com salsa|folhosos|cozido/assado|Branco/Cinza||Sulfuroso||
Couve flor com salsão|folhosos|cozido/assado|Branco/Cinza||Sulfuroso||
Couve flor com vagem|folhosos|cozido/assado|Misto||Sulfuroso||Regional
Couve flor gratinada|folhosos|cozido/assado|Misto||Sulfuroso||
Couve flor sauté|folhosos|cozido/assado|Branco/Cinza||Sulfuroso||
Couve no vapor|folhosos|cozido/assado|Verde||Sulfuroso||Regional
Couve provençal|folhosos|cozido/assado|Verde||Sulfuroso||Regional
Couve refogada|folhosos|refogado|Verde||Sulfuroso||Regional
Couve refogada ao alho|folhosos|refogado|Verde||Sulfuroso||Regional
Couve refogada e tutu|folhosos|refogado|Misto||Sulfuroso||Regional
Couve-flor ao alho|folhosos|cozido/assado|Branco/Cinza||Sulfuroso||
Couve-flor ao alho e óleo|folhosos|cozido/assado|Branco/Cinza||Sulfuroso||
Couve-flor com salsa|folhosos|cozido/assado|Branco/Cinza||Sulfuroso||
Couve-flor com salsão|folhosos|cozido/assado|Branco/Cinza||Sulfuroso||
Couve-flor gratinada|folhosos|cozido/assado|Misto||Sulfuroso||
Couve-flor no vapor|folhosos|cozido/assado|Branco/Cinza||Sulfuroso||
Couve-flor refogada|folhosos|refogado|Branco/Cinza||Sulfuroso||
Couve-flor refogado|folhosos|refogado|Branco/Cinza||Sulfuroso||
Couve-flor saute|folhosos|refogado|Branco/Cinza||Sulfuroso||
Couve-flor sauté|folhosos|refogado|Branco/Cinza||Sulfuroso||
Couve-flor temperada|folhosos|cozido/assado|Branco/Cinza||Sulfuroso||
Creme de brócolis|folhosos|cozido/assado|Verde|Pastoso|Sulfuroso||
Creme de cenoura|legume|cozido/assado|Amarelo/Laranja|Pastoso|||
Creme de couve - flor|folhosos|cozido/assado|Branco/Cinza|Pastoso|Sulfuroso||
Creme de ervilha|leguminosa|cozido/assado|Verde|Pastoso|Sulfuroso||
Creme de ervilhas|leguminosa|cozido/assado|Verde|Pastoso|||
Creme de espinafre|folhosos|cozido/assado|Verde|Pastoso|||Regional
Creme de milho|cereal (milho)|cozido/assado|Amarelo/Laranja|Pastoso|Sulfuroso||Regional
Creme de milho (contém lactose)|cereal (milho)|cozido/assado|Amarelo/Laranja|Pastoso|Sulfuroso||Regional
Creme verde|leguminosa|cozido/assado|Verde|Pastoso|Sulfuroso||
Cuscuz|cereal (milho)|cozido/assado|Misto|Pastoso|||Regional
Cuscuz com cenoura, vagem e milho|cereal (milho)|cozido/assado|Misto|Pastoso|Sulfuroso||Regional
Cuscuz de legumes|cereal (milho)|cozido/assado|Misto|Pastoso|||Regional
Cuscuz de legumes (batata, cenoura e vagem)|cereal (milho)|cozido/assado|Misto|Pastoso|||Regional
Dueto de legumes|legume|cozido/assado|Misto||||
Ensopado de mandioca|tubérculo|cozido/assado|Amarelo/Laranja|||Sociobiodiversidade|Regional
Ervilha a parmentier|leguminosa|cozido/assado|Verde||Sulfuroso||
Ervilha a parmetier|leguminosa|cozido/assado|Verde||Sulfuroso||
Ervilha à parmetier|leguminosa|cozido/assado|Verde||Sulfuroso||
Ervilha parmentier|leguminosa|cozido/assado|Verde||Sulfuroso||
Escarola à italiana|folhosos|refogado|Verde||||
Escarola a provençal|folhosos|refogado|Misto||||
Escarola á provençal|folhosos|refogado|Misto||||
Escarola à provençal|folhosos|refogado|Misto||||
Escarola ao alho|folhosos|refogado|Verde||||
Escarola ao alho e óleo|folhosos|refogado|Verde||||
Escarola no vapor|folhosos|refogado|Verde||||
Escarola refogada|folhosos|refogado|Verde||||
Escarola temperada|folhosos|refogado|Verde||||
Espaguete alho e óleo|macarrão|cozido/assado|Branco/Cinza||||
Espaguete ao molho|macarrão|cozido/assado|Misto||||
Espaguete ao sugo|macarrão|cozido/assado|Misto||||
Espinafre à provençal|folhosos|refogado|Verde||||Regional
Espinafre ao alho e óleo|folhosos|refogado|Verde||||Regional
Espinafre com alho e óleo|folhosos|refogado|Verde||||Regional
Espinafre com parmesão|folhosos|refogado|Misto||||Regional
Espinafre gratinado|folhosos|cozido/assado|Misto||||Regional
Espinafre no vapor|folhosos|refogado|Verde||||Regional
Espinafre temperado|folhosos|refogado|Verde||||Regional
Falso pirão|tubérculo|cozido/assado|Misto|Pastoso|||
Falso risoto de escarola|cereal (arroz)|cozido/assado|Misto|Pastoso|||
Farofa|tubérculo|refogado|Amarelo/Laranja|||Sociobiodiversidade|Regional
Farofa agridoce|tubérculo|refogado|Misto|||Sociobiodiversidade|Regional
Farofa colorida|tubérculo|refogado|Misto|||Sociobiodiversidade|Regional
Farofa com passas|tubérculo|refogado|Misto|||Sociobiodiversidade|Regional
Farofa crocante|tubérculo|refogado|Amarelo/Laranja|||Sociobiodiversidade|Regional
Farofa de abobrinha com alho|legume|refogado|Misto|||Sociobiodiversidade|Regional
Farofa de abobrinha e cebola|tubérculo|refogado|Misto||Sulfuroso|Sociobiodiversidade|Regional
Farofa de banana|tubérculo|refogado|Amarelo/Laranja|||Sociobiodiversidade|Regional
Farofa de banana com passas|tubérculo|refogado|Misto|||Sociobiodiversidade|Regional
Farofa de batata palha|tubérculo|refogado|Amarelo/Laranja|||Sociobiodiversidade|Regional
Farofa de cebola|tubérculo|refogado|Amarelo/Laranja||Sulfuroso|Sociobiodiversidade|Regional
Farofa de couve|tubérculo|refogado|Misto||Sulfuroso|Sociobiodiversidade|Regional
Farofa de frutas|tubérculo|refogado|Misto|||Sociobiodiversidade|Regional
Farofa de legumes|tubérculo|refogado|Misto|||Sociobiodiversidade|Regional
Farofa de ovos|tubérculo|refogado|Amarelo/Laranja||Sulfuroso|Sociobiodiversidade|Regional
Farofa de vegetais|tubérculo|refogado|Misto|||Sociobiodiversidade|Regional
Farofa doce|tubérculo|refogado|Misto|||Sociobiodiversidade|Regional
Farofa natalina|tubérculo|refogado|Misto|||Sociobiodiversidade|Regional
Farofa rica|tubérculo|refogado|Amarelo/Laranja|||Sociobiodiversidade|Regional
Farofa simples|tubérculo|refogado|Amarelo/Laranja|||Sociobiodiversidade|Regional
Farofa temperada|tubérculo|refogado|Amarelo/Laranja|||Sociobiodiversidade|Regional
Feijão branco com cenoura|leguminosa|cozido/assado|Misto||||Regional
Feijão branco sortido|leguminosa|cozido/assado|Branco/Cinza||||Regional
Guarnição polenta|cereal (milho)|cozido/assado|Amarelo/Laranja|Pastoso|||Regional
Guarnição: abóbora assada|legume|cozido/assado|Amarelo/Laranja||||
Guarnição: abobora cabotiã|legume|cozido/assado|Amarelo/Laranja||||
Guarnição: abóbora cabotiã assada|legume|cozido/assado|Amarelo/Laranja||||
Guarnição: abobora cambotiã|legume|cozido/assado|Amarelo/Laranja||||
Guarnição: abobrinha|legume|refogado|Verde||||Regional
Guarnição: abobrinha assada|legume|cozido/assado|Verde||||Regional
Guarnição: abobrinha com queijo|legume|cozido/assado|Misto||||Regional
Guarnição: abobrinha de forno|legume|cozido/assado|Verde||||Regional
Guarnição: abobrinha refogada|legume|refogado|Verde||||Regional
Guarnição: acelga refogada|folhosos|refogado|Verde||Sulfuroso||
Guarnição: arroz à grega|cereal (arroz)|cozido/assado|Misto||||
Guarnição: arroz árabe|cereal (arroz)|cozido/assado|Misto||||
Guarnição: arroz árabe (glúten)|cereal (arroz)|cozido/assado|Misto||||
Guarnição: arroz com abobrinha|cereal (arroz)|cozido/assado|Misto||||Regional
Guarnição: arroz com brócolis|cereal (arroz)|cozido/assado|Misto||Sulfuroso||
Guarnição: arroz de açafrão|cereal (arroz)|cozido/assado|Misto||||
Guarnição: arroz de forno (contém lactose)|cereal (arroz)|cozido/assado|Misto||||
Guarnição: batata assada|tubérculo|cozido/assado|Amarelo/Laranja||||
Guarnição: batata bolinha assada|tubérculo|cozido/assado|Amarelo/Laranja||||
Guarnição: batata doce|tubérculo|cozido/assado|Amarelo/Laranja||Sulfuroso||
Guarnição: batata doce assada|tubérculo|cozido/assado|Amarelo/Laranja||Sulfuroso||
Guarnição: batata doce caramelizada|tubérculo|cozido/assado|Amarelo/Laranja||Sulfuroso||
Guarnição: batata gratinada (contém lactose)|tubérculo|cozido/assado|Amarelo/Laranja||||
Guarnição: batata palha|tubérculo|frito|Amarelo/Laranja||||
Guarnição: batata rustica|tubérculo|cozido/assado|Amarelo/Laranja||||
Guarnição: batata rústica|tubérculo|cozido/assado|Amarelo/Laranja||||
Guarnição: berinjela refogada|legume|refogado|Roxo/preto||||Regional
Guarnição: cebola agridoce|legume|refogado|Branco/Cinza||Sulfuroso||
Guarnição: cebola caramelada|legume|refogado|Branco/Cinza||Sulfuroso||
Guarnição: cenoura c|legume|cozido/assado|Amarelo/Laranja||||
Guarnição: cenoura com vagem|legume|cozido/assado|Misto||||Regional
Guarnição: cenoura refogada|legume|refogado|Amarelo/Laranja||||
Guarnição: cenoura sauté|legume|refogado|Amarelo/Laranja||||
Guarnição: cenoura sautê|legume|refogado|Amarelo/Laranja||||
Guarnição: cenoura sautté|legume|refogado|Amarelo/Laranja||||
Guarnição: chuchu ao molho branco|legume|cozido/assado|Misto||||Regional
Guarnição: chuchu ao molho branco (contem lactose)|legume|cozido/assado|Misto||||Regional
Guarnição: chuchu ao molho branco (glúten)|legume|cozido/assado|Misto||||Regional
Guarnição: chuchu c|legume|cozido/assado|Verde||||Regional
Guarnição: chuchu colorido|legume|cozido/assado|Misto||||Regional
Guarnição: chuchu refogado|legume|refogado|Verde||||Regional
Guarnição: chuchu, cenoura e batata|legume|cozido/assado|Misto||||Regional
Guarnição: couve refogada|folhosos|refogado|Verde||Sulfuroso||Regional
Guarnição: creme de abobrinha (contém lactose)|legume|cozido/assado|Verde|Pastoso|||Regional
Guarnição: creme de espinafre|folhosos|cozido/assado|Verde|Pastoso|||Regional
Guarnição: creme de espinafre (contém glúten)|folhosos|cozido/assado|Verde|Pastoso|||Regional
Guarnição: creme de espinafre (contém lactose)|folhosos|cozido/assado|Verde|Pastoso|||Regional
Guarnição: creme de espinafre (lactose)|folhosos|cozido/assado|Verde|Pastoso|||Regional
Guarnição: creme de milho|cereal (milho)|cozido/assado|Amarelo/Laranja|Pastoso|Sulfuroso||Regional
Guarnição: creme de milho (contem lactose)|cereal (milho)|cozido/assado|Amarelo/Laranja|Pastoso|Sulfuroso||Regional
Guarnição: creme de milho (contém lactose)|cereal (milho)|cozido/assado|Amarelo/Laranja|Pastoso|Sulfuroso||Regional
Guarnição: cuscuz de legumes|cereal (milho)|cozido/assado|Misto||||Regional
Guarnição: escarola refogada|folhosos|refogado|Verde||||
Guarnição: escarola refogado|folhosos|refogado|Verde||||
Guarnição: espaguete ao alho e óleo|macarrão|cozido/assado|Branco/Cinza||||
Guarnição: farofa|tubérculo|refogado|Amarelo/Laranja|||Sociobiodiversidade|Regional
Guarnição: farofa de cebola|tubérculo|refogado|Amarelo/Laranja||Sulfuroso|Sociobiodiversidade|Regional
Guarnição: farofa de cenoura|tubérculo|refogado|Misto|||Sociobiodiversidade|Regional
Guarnição: farofa de cenoura com ervilha|tubérculo|refogado|Misto||Sulfuroso|Sociobiodiversidade|Regional
Guarnição: farofa de cenoura com uva passas|tubérculo|refogado|Misto|||Sociobiodiversidade|Regional
Guarnição: farofa de cenoura com uvas passas|tubérculo|refogado|Misto|||Sociobiodiversidade|Regional
Guarnição: farofa de couve|tubérculo|refogado|Misto||Sulfuroso|Sociobiodiversidade|Regional
Guarnição: farofa de frutas|tubérculo|refogado|Misto|||Sociobiodiversidade|Regional
Guarnição: farofa de ovos|tubérculo|refogado|Amarelo/Laranja||Sulfuroso|Sociobiodiversidade|Regional
Guarnição: farofa de tomate|tubérculo|refogado|Misto|||Sociobiodiversidade|Regional
Guarnição: jardineira de legumes|legume|cozido/assado|Misto||||
Guarnição: macarrão alho e óleo|macarrão|cozido/assado|Branco/Cinza||||
Guarnição: macarrão alho e óleo (contem glúten)|macarrão|cozido/assado|Branco/Cinza||||
Guarnição: macarrão alho e óleo (contém glúten)|macarrão|cozido/assado|Branco/Cinza||||
Guarnição: macarrão alho e óleo (glúten)|macarrão|cozido/assado|Branco/Cinza||||
Guarnição: macarrão ao alho e óleo|macarrão|cozido/assado|Branco/Cinza||||
Guarnição: macarrão ao alho e óleo (contem glúten)|macarrão|cozido/assado|Branco/Cinza||||
Guarnição: macarrão ao alho e óleo (glúten)|macarrão|cozido/assado|Branco/Cinza||||
Guarnição: macarrão ao sugo|macarrão|cozido/assado|Misto||||
Guarnição: macarrão ao sugo (contém glúten)|macarrão|cozido/assado|Misto||||
Guarnição: macarrão ao sugo (glúten)|macarrão|cozido/assado|Misto||||
Guarnição: macarrão com brócolis|macarrão|cozido/assado|Misto||Sulfuroso||
Guarnição: macarrão olho e óleo (contém glúten)|macarrão|cozido/assado|Branco/Cinza||||
Guarnição: polenta|cereal (milho)|cozido/assado|Amarelo/Laranja|Pastoso|||Regional
Guarnição: polenta ao molho|cereal (milho)|cozido/assado|Misto|Pastoso|||Regional
Guarnição: purê de batata|tubérculo|cozido/assado|Amarelo/Laranja|Pastoso|||
Guarnição: purê de batata (contém lactose)|tubérculo|cozido/assado|Amarelo/Laranja|Pastoso|||
Guarnição: purê de batatas|tubérculo|cozido/assado|Amarelo/Laranja|Pastoso|||
Guarnição: purê de batatas (contem lactose)|tubérculo|cozido/assado|Amarelo/Laranja|Pastoso|||
Guarnição: purê de batatas (contém lactose)|tubérculo|cozido/assado|Amarelo/Laranja|Pastoso|||
Guarnição: purê de batatas (lactose)|tubérculo|cozido/assado|Amarelo/Laranja|Pastoso|||
Guarnição: quibebe|legume|cozido/assado|Amarelo/Laranja|Pastoso|||
Guarnição: ratatouille|legume|cozido/assado|Misto||||Regional
Guarnição: repolho refogado|folhosos|refogado|Verde||Sulfuroso||Regional
Guarnição: tutu de feijão|leguminosa|cozido/assado|Roxo/preto|Pastoso|||
Guarnição: vagem refogada|legume|refogado|Verde||||Regional
Guarnição: virado de abobrinha|legume|refogado|Verde||||Regional
Guarnição: virado de cenoura|legume|refogado|Amarelo/Laranja||||
Guarnição: virado de feijão|leguminosa|cozido/assado|Marrom/Bege||||
Guarnição: virado de legumes|legume|refogado|Misto||||
Guarnição: virado de ovos|ovo|refogado|Amarelo/Laranja||Sulfuroso||
Guarnição: virado de repolho roxo e uva passas|folhosos|refogado|Roxo/preto||Sulfuroso||Regional
Guarnição: virado de vagem|legume|refogado|Verde||||Regional
Guarnição:arroz à piamontese|cereal (arroz)|cozido/assado|Branco/Cinza|Pastoso|||
Guarnição:batata chips|tubérculo|frito|Amarelo/Laranja||||
Guarnição:batata gratinada|tubérculo|cozido/assado|Amarelo/Laranja||||
Guarnição:berinjela com cebola e tomate|legume|refogado|Misto||Sulfuroso||Regional
Guarnição:cenoura, chuchu e vagem|legume|cozido/assado|Misto||||Regional
Guarnição:chuchu refogado|legume|refogado|Verde||||Regional
Guarnição:creme de espinafre|folhosos|cozido/assado|Verde|Pastoso|||Regional
Guarnição:creme de espinafre (contém lactose)|folhosos|cozido/assado|Verde|Pastoso|||Regional
Guarnição:creme de milho (contém lactose)|cereal (milho)|cozido/assado|Amarelo/Laranja|Pastoso|Sulfuroso||Regional
Guarnição:macarrão alho e óleo|macarrão|cozido/assado|Branco/Cinza||||
Guarnição:purê de batatas(contém lactose)|tubérculo|cozido/assado|Amarelo/Laranja|Pastoso|||
Guarnição:repolho refogado|folhosos|refogado|Verde||Sulfuroso||Regional
Guarnição:tutu de feijão|leguminosa|cozido/assado|Roxo/preto||||
Jardineira de legumes|legume|cozido/assado|Misto||||
Lâmen de legumes|legume|cozido/assado|Misto||Sulfuroso||
Legumes à pizzaiolo|legume|cozido/assado|Misto||||
Legumes a salsa|legume|cozido/assado|Misto||||
Legumes à salsa|legume|cozido/assado|Misto||||
Legumes com molho branco|legume|cozido/assado|Misto||||
Legumes gratinados|legume|cozido/assado|Misto||||
Legumes mistos|legume|cozido/assado|Misto||||
Legumes na manteiga|legume|refogado|Misto||||
Legumes orientais (brócolis, cenoura, acelga)|legume|refogado|Misto||Sulfuroso||
Legumes oriental|legume|refogado|Misto||Sulfuroso||
Legumes refogado|legume|refogado|Misto||||
Legumes refogados|legume|refogado|Misto||||
Legumes salteados|legume|refogado|Misto||||
Legumes saute|legume|refogado|Misto||||
Legumes sauté|legume|refogado|Misto||||
Legumes sautê|legume|refogado|Misto||||
Legumes soutê|legume|refogado|Misto||||
Macarrão a moda|macarrão|cozido/assado|Misto||||
Macarrão à moda|macarrão|cozido/assado|Misto||||
Macarrão à pizzaiolo|macarrão|cozido/assado|Misto||||
Macarrão a primavera|macarrão|cozido/assado|Misto||||
Macarrão à primavera|macarrão|cozido/assado|Misto||||
Macarrão alho e óleo|macarrão|cozido/assado|Branco/Cinza||||
Macarrão alho e óleo com cheiro verde|macarrão|cozido/assado|Branco/Cinza||||
Macarrão ao açafrão alho e óleo|macarrão|cozido/assado|Branco/Cinza||||
Macarrão ao alho e óleo|macarrão|cozido/assado|Branco/Cinza||||
Macarrão ao molho|macarrão|cozido/assado|Misto||||
Macarrão ao molho branco|macarrão|cozido/assado|Misto||||
Macarrão ao molho de queijos|macarrão|cozido/assado|Misto||||
Macarrão ao molho rosé|macarrão|cozido/assado|Misto||||
Macarrão ao molho rosê|macarrão|cozido/assado|Misto||||
Macarrão ao pesto|macarrão|cozido/assado|Misto||||
Macarrão ao sugo|macarrão|cozido/assado|Misto||||
Macarrão ao sugo com orégano|macarrão|cozido/assado|Misto||||
Macarrão ao sugo com salsicha|macarrão|cozido/assado|Misto||||
Macarrão campestre|macarrão|cozido/assado|Misto||||
Macarrão com alho e óleo|macarrão|cozido/assado|Branco/Cinza||||
Macarrão com alho-poró|macarrão|cozido/assado|Branco/Cinza||||
Macarrão com brócolis|macarrão|cozido/assado|Misto||Sulfuroso||
Macarrão com espinafre|macarrão|cozido/assado|Misto||||Regional
Macarrão com molho ao sugo|macarrão|cozido/assado|Misto||||
Macarrão com molho branco e espinafre|macarrão|cozido/assado|Misto||||Regional
Macarrão com molho de queijos|macarrão|cozido/assado|Misto||||
Macarrão com molho de tomates|macarrão|cozido/assado|Misto||||
Macarrão com molho parmesão|macarrão|cozido/assado|Misto||||
Macarrão com molho sugo|macarrão|cozido/assado|Misto||||
Macarrão com molho três queijos|macarrão|cozido/assado|Misto||||
Macarrão com tomate e manjericão|macarrão|cozido/assado|Misto||||
Macarrão parafuso alho e óleo|macarrão|cozido/assado|Branco/Cinza||||
Macarrão parafuso ao sugo|macarrão|cozido/assado|Misto||||
Macarrão primavera|macarrão|cozido/assado|Misto||||
Madioca ao vinagrete|tubérculo|cozido/assado|Misto||Sulfuroso||
Mandioca à salsa|tubérculo|cozido/assado|Marrom/Bege|||Sociobiodiversidade|Regional
Mandioca ao alho|tubérculo|cozido/assado|Marrom/Bege|||Sociobiodiversidade|Regional
Mandioca ao vinagrete|tubérculo|cozido/assado|Misto||Sulfuroso|Sociobiodiversidade|Regional
Mandioca com salsa|tubérculo|cozido/assado|Marrom/Bege|||Sociobiodiversidade|Regional
Mandioca com vinagrete|tubérculo|cozido/assado|Misto||Sulfuroso|Sociobiodiversidade|Regional
Mandioca corada|tubérculo|cozido/assado|Marrom/Bege|||Sociobiodiversidade|Regional
Mandioca cozida com salsinha|tubérculo|cozido/assado|Marrom/Bege|||Sociobiodiversidade|Regional
Mandioca frita|tubérculo|cozido/assado|Marrom/Bege|||Sociobiodiversidade|Regional
Mandioca na manteiga|tubérculo|cozido/assado|Marrom/Bege|||Sociobiodiversidade|Regional
Mandioca no vapor|tubérculo|cozido/assado|Marrom/Bege|||Sociobiodiversidade|Regional
Mandioca sauté|tubérculo|cozido/assado|Marrom/Bege|||Sociobiodiversidade|Regional
Mandioca sautê|tubérculo|cozido/assado|Marrom/Bege|||Sociobiodiversidade|Regional
Mandioca sautê com açafrão|tubérculo|cozido/assado|Marrom/Bege|||Sociobiodiversidade|Regional
Mandioca soutê|tubérculo|cozido/assado|Marrom/Bege|||Sociobiodiversidade|Regional
Mandioca temperada|tubérculo|cozido/assado|Marrom/Bege|||Sociobiodiversidade|Regional
Mandioquinha chips|tubérculo|frito|Amarelo/Laranja||||Regional
Mandioquinha sauté|tubérculo|cozido/assado|Amarelo/Laranja||||Regional
Mandioquinha, vagem e cenoura|tubérculo|cozido/assado|Misto||||Regional
Mil folhas de mandioca|tubérculo|cozido/assado|Marrom/Bege|||Sociobiodiversidade|Regional
Mix de legumes|legume|cozido/assado|Misto||||
Nhoque à pomodoro|tubérculo|cozido/assado|Misto||||
Nhoque ao molho rosê|tubérculo|cozido/assado|Misto||||
Nhoque ao molho sugo|tubérculo|cozido/assado|Misto||||
Nhoque ao sugo|tubérculo|cozido/assado|Misto||||
Nhoque ao sugo gratinado|tubérculo|cozido/assado|Misto||||
Nhoque com molho ao sugo|tubérculo|cozido/assado|Misto||||
Nhoque com molho de queijos|tubérculo|cozido/assado|Misto||||
Nhoque com molho de tomate|tubérculo|cozido/assado|Misto||||
Nhoque de batata-doce|tubérculo|cozido/assado|Amarelo/Laranja||Sulfuroso||
Nhoque sugo|tubérculo|cozido/assado|Misto||||
Opção: berinjela recheada com pvt|legume|cozido/assado|Misto||||Regional
Opção: charuto de pvt|folhosos|cozido/assado|Misto||Sulfuroso||Regional
Opção: lentilha com ricota|leguminosa|cozido/assado|Misto||Sulfuroso||
Opção: pvt à jardineira|leguminosa|refogado|Misto||||
Panache de legumes|legume|cozido/assado|Misto||||
Panachê de legumes|legume|cozido/assado|Misto||||
Panachê de verduras|legume|cozido/assado|Misto||||
Panachê: brócolis, couve-flor e cenoura|legume|cozido/assado|Misto||Sulfuroso||
Pirão|tubérculo|cozido/assado|Amarelo/Laranja|Pastoso|||
Pirão de legumes|tubérculo|cozido/assado|Misto|Pastoso|||
Polenta|cereal (milho)|cozido/assado|Amarelo/Laranja|Pastoso|||Regional
Polenta ao molho com salsicha|cereal (milho)|cozido/assado|Misto|Pastoso|||Regional
Polenta ao molho sugo|cereal (milho)|cozido/assado|Misto|Pastoso|||Regional
Polenta ao sugo|cereal (milho)|cozido/assado|Misto|Pastoso|||Regional
Polenta com escarola|cereal (milho)|cozido/assado|Misto|Pastoso|||Regional
Polenta com espinafre|cereal (milho)|cozido/assado|Misto|Pastoso|||Regional
Polenta com molho|cereal (milho)|cozido/assado|Misto|Pastoso|||Regional
Polenta com parmesão|cereal (milho)|cozido/assado|Amarelo/Laranja|Pastoso|||Regional
Polenta com queijo|cereal (milho)|cozido/assado|Amarelo/Laranja|Pastoso|||Regional
Polenta cremosa|cereal (milho)|cozido/assado|Amarelo/Laranja|Pastoso|||Regional
Polenta firme com queijo ao sugo|cereal (milho)|cozido/assado|Misto||||Regional
Polenta mole|cereal (milho)|cozido/assado|Amarelo/Laranja|Pastoso|||Regional
Principal: ratatoulle|legume|cozido/assado|Misto||||
Puchero de legumes|legume|cozido/assado|Misto||||
Purê colorido|tubérculo|cozido/assado|Misto|Pastoso|||
Purê de abóbora|legume|cozido/assado|Amarelo/Laranja|Pastoso|||
Purê de batata|tubérculo|cozido/assado|Amarelo/Laranja|Pastoso|||
Purê de batata com cenoura|tubérculo|cozido/assado|Misto|Pastoso|||
Purê de batata com queijo|tubérculo|cozido/assado|Amarelo/Laranja|Pastoso|||
Purê de batata doce|tubérculo|cozido/assado|Amarelo/Laranja|Pastoso|Sulfuroso||
Purê de batata-doce|tubérculo|cozido/assado|Amarelo/Laranja|Pastoso|Sulfuroso||
Purê de batatas|tubérculo|cozido/assado|Amarelo/Laranja|Pastoso|||
Purê de batatas (contém lactose)|tubérculo|cozido/assado|Amarelo/Laranja|Pastoso|||
Purê de cará|tubérculo|cozido/assado|Amarelo/Laranja|Pastoso|||Regional
Purê de cenoura|tubérculo|cozido/assado|Amarelo/Laranja|Pastoso|||
Purê de mandioca|tubérculo|cozido/assado|Marrom/Bege|Pastoso||Sociobiodiversidade|Regional
Purê de mandioquinha|tubérculo|cozido/assado|Amarelo/Laranja|Pastoso|||Regional
Purê misto|tubérculo|cozido/assado|Misto|Pastoso|Sulfuroso||
Purê rose|tubérculo|cozido/assado|Vermelho|Pastoso|||
Purê rosé|tubérculo|cozido/assado|Vermelho|Pastoso|||
Quiabo a provençal|legume|refogado|Verde||||Regional
Quiabo à provençal|legume|refogado|Verde||||Regional
Quiabo ao alho|legume|refogado|Verde||||Regional
Quiabo com alho e óleo|legume|refogado|Verde||||Regional
Quiabo ensopado|legume|refogado|Verde||||Regional
Quiabo no vapor|legume|refogado|Verde||||Regional
Quiabo refogado|legume|refogado|Verde||||Regional
Quiabo temperado|legume|refogado|Verde||||Regional
Quibebe|legume|cozido/assado|Amarelo/Laranja|Pastoso|||
Quibebe de abóbora|legume|cozido/assado|Amarelo/Laranja|Pastoso|||
Ratatoille|legume|cozido/assado|Misto||||Regional
Ratatouile|legume|cozido/assado|Misto||||Regional
Ratatouille|legume|cozido/assado|Misto||||Regional
Ratatoule|legume|cozido/assado|Misto||||Regional
Ratattouile|legume|cozido/assado|Misto||||Regional
Ravioli ao sugo|macarrão|cozido/assado|Misto||||
Ravióli ao sugo|macarrão|cozido/assado|Misto||||
Ravioli de 4 queijos ao sugo|macarrão|cozido/assado|Misto||||
Ravióli de queijo|macarrão|cozido/assado|Amarelo/Laranja||||
Ravióli de queijo com molho de tomate|macarrão|cozido/assado|Misto||||
Raviolli de queijo ao sugo|macarrão|cozido/assado|Misto||||
Refogado com pimentão verde e tomate|legume|refogado|Misto||||Regional
Refogado de escarola com espinafre|folhosos|refogado|Verde||||Regional
Repolho ao bacon|folhosos|refogado|Misto||Sulfuroso||Regional
Repolho ao shoyo|folhosos|refogado|Verde||Sulfuroso||Regional
Repolho ao shoyu|folhosos|refogado|Verde||Sulfuroso||Regional
Repolho bicolor refogado|folhosos|refogado|Misto||Sulfuroso||Regional
Repolho com ervilha|folhosos|refogado|Verde||Sulfuroso||Regional
Repolho com passas|folhosos|refogado|Verde||Sulfuroso||Regional
Repolho com salsa|folhosos|refogado|Verde||Sulfuroso||Regional
Repolho com shoyu|folhosos|refogado|Verde||Sulfuroso||Regional
Repolho na salsa|folhosos|refogado|Verde||Sulfuroso||Regional
Repolho no vapor|folhosos|refogado|Verde||Sulfuroso||Regional
Repolho refogada|folhosos|refogado|Verde||Sulfuroso||Regional
Repolho refogado|folhosos|refogado|Verde||Sulfuroso||Regional
Repolho refogado com cenoura|folhosos|refogado|Misto||Sulfuroso||Regional
Sautê de legumes|legume|refogado|Misto||||
Seleta|legume|cozido/assado|Misto||||
Seleta de legumes|legume|cozido/assado|Misto||||
Souflê de legumes|ovo|cozido/assado|Misto||Sulfuroso||
Spaguetti ao molho vermelho|macarrão|cozido/assado|Misto||||
Suflê de abobrinha|ovo|cozido/assado|Misto||Sulfuroso||Regional
Suflê de espinafre|ovo|cozido/assado|Verde||Sulfuroso||Regional
Suflê de legumes|ovo|cozido/assado|Misto||Sulfuroso||
Tutu de feijão|leguminosa|cozido/assado|Roxo/preto||||
Tutu de feijão/Couve refogada|leguminosa|cozido/assado|Misto||Sulfuroso||Regional
Vagem à provençal|legume|refogado|Verde||||Regional
Vagem ao alho|legume|refogado|Verde||||Regional
Vagem com batata|legume|cozido/assado|Misto||||Regional
Vagem com cenoura|legume|cozido/assado|Misto||||Regional
Vagem com cenoura palito|legume|cozido/assado|Misto||||Regional
Vagem com couve-flor|legume|cozido/assado|Misto||Sulfuroso||Regional
Vagem com milho|legume|refogado|Misto||Sulfuroso||Regional
Vagem com pimentões|legume|refogado|Misto||||Regional
Vagem com salsa|legume|refogado|Verde||||Regional
Vagem com salsão|legume|refogado|Verde||||Regional
Vagem com vinagrete|legume|refogado|Misto||Sulfuroso||Regional
Vagem no vapor|legume|cozido/assado|Verde||||Regional
Vagem refogada|legume|refogado|Verde||||Regional
Vagem sauté|legume|refogado|Verde||||Regional
Vagem temperada|legume|cozido/assado|Verde||||Regional
Virado de abobrinha|legume|refogado|Verde||||Regional
Virado de abobrinha com milho|legume|refogado|Misto||Sulfuroso||Regional
Virado de acelga|folhosos|refogado|Verde||Sulfuroso||
Virado de banana|fruta|refogado|Amarelo/Laranja||||
Virado de banana com passas|fruta|refogado|Misto||||
Virado de cebola|legume|refogado|Amarelo/Laranja||Sulfuroso||
Virado de chuchu|legume|refogado|Verde||||Regional
Virado de couve|folhosos|refogado|Verde||Sulfuroso||Regional
Virado de couve e azeitona|folhosos|refogado|Verde||Sulfuroso||Regional
Virado de escarola|folhosos|refogado|Verde||||
Virado de espinafre|folhosos|refogado|Verde||||Regional
Virado de feijão|leguminosa|refogado|Roxo/preto||||
Virado de legumes|legume|refogado|Misto||||
Virado de milho|cereal (milho)|refogado|Amarelo/Laranja||Sulfuroso||Regional
Virado de milho e vagem|cereal (milho)|refogado|Misto||Sulfuroso||Regional
Virado de milho verde e vagem|cereal (milho)|refogado|Misto||Sulfuroso||Regional
Virado de ovos|ovo|refogado|Amarelo/Laranja||Sulfuroso||
Virado de vagem|legume|refogado|Verde||||Regional
Virado de verdura|folhosos|refogado|Verde||Sulfuroso||
Virado de verduras|folhosos|refogado|Verde||Sulfuroso||
Yakissoba|macarrão|cozido/assado|Misto||Sulfuroso||
