Bolinho de arroz|cereal (milho)|frito|Marrom/Bege||
Bolinho de arroz com espinafre|cereal (milho)|frito|Misto||Regional
Almôndega de aveia|cereal (milho)|ao molho leve|Marrom/Bege||
Almondegas de aveia|cereal (milho)|ao molho leve|Marrom/Bege||
Almôndegas de aveia|cereal (milho)|ao molho leve|Marrom/Bege||
Batalhoada|tubérculo|assado|Misto||
Batata palha|tubérculo|frito|Amarelo/Laranja||
Batata recheada com ricota|tubérculo|cozido|Amarelo/Laranja||
Batata rosty|tubérculo|grelhado/refogado|Amarelo/Laranja||
Batata rosty com recheio de espinafre e queijo|tubérculo|grelhado/refogado|Misto||Regional
Batata rosty com recheio de queijo e orégano|tubérculo|grelhado/refogado|Amarelo/Laranja||
Batata rosty recheada com espinafre e queijo|tubérculo|grelhado/refogado|Misto||Regional
Batatalhoada|tubérculo|assado|Misto||
Creme de batata doce|tubérculo|cozido|Amarelo/Laranja|Sulfuroso|
Tortilha de espinafre|tubérculo|grelhado/refogado|Misto|Sulfuroso|Regional
Tortilha de espinafre (contém glúten e lactose)|tubérculo|grelhado/refogado|Misto|Sulfuroso|Regional
Tortilha de espinafre (contém lactose e glúten)|tubérculo|grelhado/refogado|Misto|Sulfuroso|Regional
Tortilha de pizza (contém glúten e lactose)|tubérculo|grelhado/refogado|Misto|Sulfuroso|
Tortilha de pizza (glúten|tubérculo|grelhado/refogado|Misto|Sulfuroso|
Tortilha de pizza (lactose e glúten)|tubérculo|grelhado/refogado|Misto|Sulfuroso|
Creme de cebola|legumes|cozido|Marrom/Bege|Sulfuroso|
Charuto de repolho|folhosos|cozido|Misto|Sulfuroso|Regional
Chucrute|folhosos|cozido|Branco/Cinza|Sulfuroso|Regional
Couve-flor com tomate e orégano|legumes|grelhado/refogado|Misto|Sulfuroso|
Escondidinho de brócolis|legumes|assado|Misto|Sulfuroso|
Escondidinho de brócolis (contém lactose)|legumes|assado|Misto|Sulfuroso|
Escondidinho de brócolis (lactose)|legumes|assado|Misto|Sulfuroso|
Escondinho de brócolis (contém lactose)|legumes|assado|Misto|Sulfuroso|
Fricassê de repolho|folhosos|ao molho gorduroso|Misto|Sulfuroso|Regional
Fricassê de repolho (contém lactose)|folhosos|ao molho gorduroso|Misto|Sulfuroso|Regional
Fricassê de repolho (lactose)|folhosos|ao molho gorduroso|Misto|Sulfuroso|Regional
Gratinado de brócolis c/ couve|legumes|assado|Misto|Sulfuroso|Regional
Lasanha de repolho|legumes|assado|Misto|Sulfuroso|Regional
Lasanha de repolho (contém lactose)|legumes|assado|Misto|Sulfuroso|Regional
Repolho de forno|folhosos|assado|Amarelo/Laranja|Sulfuroso|Regional
Repolho gratinado|folhosos|assado|Amarelo/Laranja|Sulfuroso|Regional
Torta de brócolis com queijo|legumes|assado|Misto|Sulfuroso|
Tortilha de brócolis (contem glúten e lactose)|legumes|grelhado/refogado|Misto|Sulfuroso|
Tortilha de brócolis (contém glúten e lactose)|legumes|grelhado/refogado|Misto|Sulfuroso|
Tortilha de brócolis (contém lactose)|legumes|grelhado/refogado|Misto|Sulfuroso|
Tortilha de brócolis (glúten e lactose)|legumes|grelhado/refogado|Misto|Sulfuroso|
Creme de ervilhas|leguminosa|cozido|Verde|Sulfuroso|
Curry de ervilhas|leguminosa|cozido|Amarelo/Laranja|Sulfuroso|
Ervilha à caipira|leguminosa|cozido|Misto|Sulfuroso|
Ervilha ao vinagrete|leguminosa|cozido|Misto|Sulfuroso|
Ervilha seca acebolada|leguminosa|cozido|Verde|Sulfuroso|
Ervilha seca acebolado|leguminosa|cozido|Verde|Sulfuroso|
Ervilha seca ao molho de queijos|leguminosa|ao molho gorduroso|Misto|Sulfuroso|
Ervilha seca sortida|leguminosa|cozido|Misto|Sulfuroso|
Escondidinho de ervilha|leguminosa|assado|Misto|Sulfuroso|
Abobrinha com pvt|PTS|grelhado/refogado|Misto||Regional
Abobrinha recheada com pts|PTS|cozido|Misto||Regional
Abobrinha recheada com pvt|PTS|cozido|Misto||Regional
Abobrinha recheada com pvt e ricota|PTS|cozido|Misto||Regional
Almomdega de pts ao pomodoro|PTS|ao molho leve|Misto||
Almôndega de feijão preto|leguminosa|ao molho leve|Roxo/preto||
Almôndega de pts|PTS|ao molho leve|Marrom/Bege||
Almôndega de pvt|PTS|ao molho leve|Marrom/Bege||
Almôndega de pvt ao molho chinês|PTS|ao molho leve|Misto||
Almôndega de pvt ao sugo|PTS|ao molho leve|Misto||
Almôndega de pvt ao vinagrete|PTS|ao molho leve|Misto|Sulfuroso|
Almôndega de pvt com aveia|PTS|ao molho leve|Marrom/Bege||
Almôndega de pvt com molho pomodoro|PTS|ao molho leve|Misto||
Almondegas de pts|PTS|ao molho leve|Marrom/Bege||
Almôndegas de pts|PTS|ao molho leve|Marrom/Bege||
Almondegas de pts ao m. sugo|PTS|ao molho leve|Misto||
Almondegas de pts ao molho|PTS|ao molho leve|Misto||
Almôndegas de pts ao sugo (contém glúten)|PTS|ao molho leve|Misto||
Almôndegas de pvt|PTS|ao molho leve|Marrom/Bege||
Almôndegas de pvt acebolada|PTS|ao molho leve|Marrom/Bege|Sulfuroso|
Almondegas de pvt aceboladas|PTS|ao molho leve|Marrom/Bege|Sulfuroso|
Almôndegas de pvt ao sugo|PTS|ao molho leve|Misto||
Almôndegas de pvt com molho argentino|PTS|ao molho leve|Misto||
Almôndegas de pvt com molho de tomate e cebola|PTS|ao molho leve|Misto|Sulfuroso|
Almôndegas de pvt com molho de tomates|PTS|ao molho leve|Misto||
Almôndegas de pvt com molho picante|PTS|ao molho leve|Misto||
Almôndegas de pvt com molho pomodoro|PTS|ao molho leve|Misto||
Almondegas de pvt com molho roti|PTS|ao molho leve|Marrom/Bege||
Almôndegas de pvt com molho roti|PTS|ao molho leve|Marrom/Bege||
Almôndegas de soja|soja|ao molho leve|Marrom/Bege||
Almôndegas pts ao sugo (glúten)|PTS|ao molho leve|Misto||
Assado de pvt|PTS|assado|Marrom/Bege||
Assado de pvt (proteína texturizada de soja)|PTS|assado|Marrom/Bege||
Assado de pvt (proteína texturizada de soja) com abobrinha|PTS|assado|Marrom/Bege||Regional
Assado de pvt c/ cenoura e queijo|PTS|assado|Misto||
Assado de pvt com abobrinha cenoura à salsa|PTS|assado|Misto||Regional
Assado vienense|PTS|assado|Marrom/Bege||
Assado vienense de pvt|PTS|assado|Marrom/Bege||
Berinjela recheada com pvt|PTS|cozido|Misto||Regional
Berinjela recheado com pvt|PTS|cozido|Misto||Regional
Bife de pvt|PTS|grelhado/refogado|Marrom/Bege||
Bifinho de grão de bico ao molho de cebola|leguminosa|grelhado/refogado|Marrom/Bege|Sulfuroso|Regional
Bobó de pvt|PTS|ao molho gorduroso|Amarelo/Laranja||
Bolinho assado de pvt|PTS|assado|Marrom/Bege||
Bolinho de grão de bico|leguminosa|frito|Marrom/Bege||Regional
Bolinho de pts com ervilha (contém glúten)|PTS|frito|Misto|Sulfuroso|
Bolinho de pts com ervilha (glúten)|PTS|frito|Misto|Sulfuroso|
Bolinho de soja|soja|frito|Marrom/Bege||
Bolinho grão de bico|leguminosa|frito|Marrom/Bege||Regional
Bolo de pvt|PTS|assado|Marrom/Bege||
Bolo de pvt (proteína texturizada de soja)|PTS|assado|Marrom/Bege||
Bolo de pvt com cenoura legumes sautê|PTS|assado|Misto||
Canelloni de pvt|massa/torta|cozido|Misto||
Canelone de pvt|massa/torta|cozido|Misto||
Canelone de pvt com ricota e escarola|massa/torta|cozido|Misto||
Cassolet vegetariano|leguminosa|cozido|Misto||Regional
Cassoule vegetariano|leguminosa|cozido|Misto||Regional
Cassoulé vegetariano|leguminosa|cozido|Misto||Regional
Cassoulet|leguminosa|cozido|Misto||Regional
Cassoulet de feijão branco|leguminosa|cozido|Misto||Regional
Cassoulet feijão branco|leguminosa|cozido|Misto||Regional
Cassoulet vegetariano|leguminosa|cozido|Misto||Regional
Casssoulet vegetariano|leguminosa|cozido|Misto||Regional
Charuto de grão de bico|leguminosa|cozido|Misto|Sulfuroso|Regional
Charuto de pvt|PTS|cozido|Misto|Sulfuroso|
Charuto de repolho com pvt|PTS|cozido|Misto|Sulfuroso|Regional
Chili vegetariano|leguminosa|cozido|Marrom/Bege||
Chilli beans|leguminosa|cozido|Marrom/Bege||
Chilli vegetariano|leguminosa|cozido|Marrom/Bege||
Cozido de feijão branco com espinafre|leguminosa|cozido|Misto||Regional
Cozido de lentilha com legumes|leguminosa|cozido|Misto|Sulfuroso|
Cozido feijão branco com legumes|leguminosa|cozido|Misto||Regional
Croquete de pvt|PTS|frito|Marrom/Bege||
Cubos de pvt à chinesa|PTS|grelhado/refogado|Misto|Sulfuroso|
Cubos de pvt c/ batata|PTS|cozido|Misto||
Curry de lentilha|leguminosa|cozido|Marrom/Bege|Sulfuroso|
Curry de soja|soja|cozido|Marrom/Bege||
Duo de feijões ao vinagrete|leguminosa|cozido|Misto|Sulfuroso|
Escondidinho de de pvt|PTS|assado|Misto||
Escondidinho de feijão branco|leguminosa|assado|Marrom/Bege||Regional
Escondidinho de grãos|leguminosa|assado|Misto||
Escondidinho de pts|PTS|assado|Misto||
Escondidinho de pts com berinjela (lactose)|PTS|assado|Misto||Regional
Escondidinho de pts com legumes|PTS|assado|Misto||
Escondidinho de pvt|PTS|assado|Misto||
Estrogonofe|PTS|ao molho gorduroso|Amarelo/Laranja||
Estrogonofe de pts|PTS|ao molho gorduroso|Amarelo/Laranja||
Estrogonofe de pvt|PTS|ao molho gorduroso|Amarelo/Laranja||
Estrogonofe de pvt (proteína texturizada de soja)|PTS|ao molho gorduroso|Amarelo/Laranja||
Estrogonofe vegetariano|PTS|ao molho gorduroso|Amarelo/Laranja||
Falafel|leguminosa|frito|Misto||Regional
Feijão branco acebolado|leguminosa|cozido|Marrom/Bege|Sulfuroso|Regional
Feijão branco ao molho|leguminosa|cozido|Marrom/Bege||Regional
Feijão branco com azeitonas|leguminosa|cozido|Marrom/Bege||Regional
Feijão branco com legumes|leguminosa|assado|Misto||Regional
Feijão branco com pimentões|leguminosa|assado|Marrom/Bege||Regional
Feijão branco com vinagrete|leguminosa|cozido|Misto|Sulfuroso|Regional
Feijão fradinho|leguminosa|cozido|Marrom/Bege||
Feijão fradinho acebolado|leguminosa|cozido|Marrom/Bege|Sulfuroso|
Feijão fradinho ao alho|leguminosa|cozido|Marrom/Bege||
Feijão fradinho ao molho de ervas|leguminosa|ao molho leve|Misto||
Feijão fradinho ao molho de laranja|leguminosa|ao molho leve|Misto||Regional
Feijão fradinho ao molho de mostarda|leguminosa|cozido|Misto||
Feijão fradinho ao vinagrete|leguminosa|cozido|Misto|Sulfuroso|
Feijão fradinho com brócolis|leguminosa|cozido|Misto|Sulfuroso|
Feijão fradinho com legumes|leguminosa|cozido|Misto||
Feijão fradinho na salsa|leguminosa|cozido|Marrom/Bege||
Feijoada de couve|leguminosa|cozido|Misto|Sulfuroso|Regional
Feijoada de legumes|leguminosa|cozido|Misto||
Feijoada de pvt|leguminosa|cozido|Marrom/Bege||
Feijoada vegetariana|leguminosa|cozido|Roxo/preto||
Feijoada vegetariano|leguminosa|cozido|Roxo/preto||
Fricassê de grão de bico|leguminosa|ao molho gorduroso|Amarelo/Laranja|Sulfuroso|Regional
Fricassê de pts|PTS|ao molho gorduroso|Misto||
Fricasse de pvt|PTS|ao molho gorduroso|Misto||
Fricassé de pvt|PTS|ao molho gorduroso|Misto||
Fricassê de pvt|PTS|ao molho gorduroso|Misto||
Goulash de ptn|PTS|cozido|Misto||
Goulash vegetariano|PTS|cozido|Misto||Regional
Grão de bico|leguminosa|cozido|Marrom/Bege||Regional
Grão de bico a indiana|leguminosa|cozido|Marrom/Bege||Regional
Grão de bico à indiana|leguminosa|cozido|Marrom/Bege||Regional
Grão de bico a moda indiana|leguminosa|cozido|Marrom/Bege||Regional
Grão de bico acebolada|leguminosa|cozido|Marrom/Bege|Sulfuroso|Regional
Grão de bico acebolado|leguminosa|cozido|Marrom/Bege|Sulfuroso|Regional
Grão de bico agridoce|leguminosa|cozido|Misto||Regional
Grão de bico ao molho de ervas|leguminosa|ao molho leve|Misto||Regional
Grão de bico ao molho de mostarda|leguminosa|ao molho leve|Marrom/Bege||Regional
Grão de bico ao molho de queijos|leguminosa|ao molho gorduroso|Marrom/Bege||Regional
Grão de bico ao molho inglês|leguminosa|ao molho leve|Marrom/Bege||Regional
Grão de bico ao molho italiano|leguminosa|ao molho leve|Misto||Regional
Grão de bico ao shoyo acebolado|leguminosa|ao molho leve|Marrom/Bege|Sulfuroso|Regional
Grão de bico ao sugo|leguminosa|ao molho leve|Misto||Regional
Grão de bico ao tomateli|leguminosa|ao molho leve|Misto||Regional
Grão de bico ao tomatelli|leguminosa|ao molho leve|Misto||Regional
Grão de bico ao vinagrete|leguminosa|ao molho leve|Misto|Sulfuroso|Regional
Grão de bico caipira|leguminosa|cozido|Misto||Regional
Grão de bico cebola e pimentão|leguminosa|cozido|Misto|Sulfuroso|Regional
Grão de bico com azeitonas|leguminosa|cozido|Marrom/Bege||Regional
Grão de bico com brócolis|leguminosa|cozido|Misto|Sulfuroso|Regional
Grão de bico com espinafre|leguminosa|cozido|Misto||Regional
Grão de bico com legumes|leguminosa|cozido|Misto||Regional
Grão de bico com milho e ervilha|leguminosa|cozido|Misto|Sulfuroso|Regional
Grão de bico com pvt|leguminosa|cozido|Marrom/Bege||Regional
Grão de bico com tomate e manjericão|leguminosa|cozido|Misto||Regional
Grão de bico gratinado|leguminosa|assado|Marrom/Bege||Regional
Grão de bico louco|leguminosa|cozido|Marrom/Bege||Regional
Grão de bico refogado|leguminosa|grelhado/refogado|Marrom/Bege||Regional
Grão de bico xadrez|leguminosa|grelhado/refogado|Misto||Regional
Grão-de-bico|leguminosa|cozido|Marrom/Bege||Regional
Grão-de-bico à grega|leguminosa|cozido|Misto|Sulfuroso|Regional
Grão-de-bico à indiana|leguminosa|ao molho leve|Marrom/Bege||Regional
Grão-de-bico à moda indiana|leguminosa|cozido|Marrom/Bege||Regional
Grão-de-bico à primavera|leguminosa|cozido|Misto|Sulfuroso|Regional
Grão-de-bico com azeitonas|leguminosa|cozido|Marrom/Bege||Regional
Grão-de-bico com cenoura ralada e salsa|leguminosa|cozido|Marrom/Bege||Regional
Grão-de-bico com legumes|leguminosa|cozido|Misto||Regional
Grão-de-bico com molho de pvt|leguminosa|ao molho leve|Marrom/Bege||Regional
Grão-de-bico com pvt|leguminosa|cozido|Marrom/Bege||Regional
Grão-de-bico com vagem|leguminosa|cozido|Misto||Regional
Guisado de pts|PTS|cozido|Marrom/Bege||
Guisado de pvt|PTS|cozido|Marrom/Bege||
Hambúrguer à pizzaiolo|PTS|assado|Misto||
Hambúrguer ao molho madeira|PTS|ao molho leve|Marrom/Bege||
Hambúrguer de feijão fradinho|leguminosa|assado|Marrom/Bege||
Hambúrguer de grão de bico|leguminosa|assado|Marrom/Bege||Regional
Hambúrguer de grãos|leguminosa|assado|Marrom/Bege||
Hamburguer de lentilha|leguminosa|assado|Marrom/Bege|Sulfuroso|
Hambúrguer de lentilha|leguminosa|assado|Marrom/Bege|Sulfuroso|
Hambúrguer de lentilha (contém glúten)|leguminosa|assado|Marrom/Bege|Sulfuroso|
Hamburguer de lentilha (glúten)|leguminosa|assado|Marrom/Bege|Sulfuroso|
Hambúrguer de lentilha (glúten)|leguminosa|assado|Marrom/Bege|Sulfuroso|
Hambúrguer de lentilha com molho roti|leguminosa|ao molho leve|Marrom/Bege|Sulfuroso|
Hambúrguer de lentilha com molho roty|leguminosa|ao molho leve|Marrom/Bege|Sulfuroso|
Hambúrguer de pts|PTS|assado|Marrom/Bege||
Hambúrguer de pts (contem glúten)|PTS|assado|Marrom/Bege||
Hambúrguer de pts (contém glúten)|PTS|assado|Marrom/Bege||
Hamburguer de pts (glúten)|PTS|assado|Marrom/Bege||
Hambúrguer de pts (glúten)|PTS|assado|Marrom/Bege||
Hambúrguer de pts à pizzaiolo (contém glúten)|PTS|ao molho leve|Misto||
Hambúrguer de pts à pizzaiolo (glúten)|PTS|ao molho leve|Misto||
Hambúrguer de pts ao m. sugo|PTS|ao molho leve|Misto||
Hambúrguer de pvt|PTS|assado|Marrom/Bege||
Hambúrguer de pvt à napolitana|PTS|grelhado/refogado|Misto||
Hambúrguer de pvt à napolitano|PTS|grelhado/refogado|Misto||
Hambúrguer de pvt a pizzaiolo|PTS|ao molho leve|Misto||
Hambúrguer de pvt à pizzaiolo|PTS|ao molho leve|Misto||
Hambúrguer de pvt ao sugo|PTS|ao molho leve|Misto||
Hambúrguer de pvt com molho de alho|PTS|ao molho leve|Misto||
Hambúrguer de pvt com molho de tomates|PTS|ao molho leve|Misto||
Hambúrguer de pvt com queijo|PTS|assado|Misto||
Hambúrguer de soja|soja|assado|Marrom/Bege||
Hamburguer de soja (contém glúten)|soja|assado|Marrom/Bege||
Hambúrguer de soja com molho napolitano|soja|grelhado/refogado|Misto||
Hambúrguer grão de bico|leguminosa|assado|Marrom/Bege||Regional
Hambúrguer pts pizzaiolo (contém lactose)|PTS|ao molho leve|Misto||
Hambúrguer pvt com molho vinagrete|PTS|ao molho leve|Misto|Sulfuroso|
Hambúrguer vegetariano|PTS|assado|Marrom/Bege||
Harmbúrguer de pts|PTS|assado|Marrom/Bege||
Jardineira de legumes com pvt|PTS|cozido|Misto||
Jardineira de pvt|PTS|cozido|Misto||
Jardineira de soja|soja|cozido|Misto||
Kafta de pvt|PTS|grelhado/refogado|Marrom/Bege||
Kibe de pts|PTS|assado|Marrom/Bege||
Kibe de pvt|PTS|assado|Marrom/Bege||
Lasanha de berinjela com pvt|PTS|assado|Misto||Regional
Lasanha de pvt|PTS|assado|Misto||
Lasanha de pvt (proteína texturizada de soja)|PTS|assado|Misto||
Lasanha de queijo c/ pvt|PTS|assado|Amarelo/Laranja||
Legumes com feijão branco|leguminosa|assado|Misto||Regional
Lentilha à moda caipira|leguminosa|cozido|Misto|Sulfuroso|
Lentilha à oriental|leguminosa|grelhado/refogado|Marrom/Bege|Sulfuroso|
Lentilha à vinagrete|leguminosa|cozido|Misto|Sulfuroso|
Lentilha acebolada|leguminosa|cozido|Marrom/Bege|Sulfuroso|
Lentilha acebolada ao shoyo|leguminosa|cozido|Marrom/Bege|Sulfuroso|
Lentilha acebolado ao shoyo|leguminosa|cozido|Marrom/Bege|Sulfuroso|
Lentilha ao molho sugo|leguminosa|ao molho leve|Misto|Sulfuroso|
Lentilha ao sugo|leguminosa|ao molho leve|Misto|Sulfuroso|
Lentilha ao vinagrete|leguminosa|cozido|Misto|Sulfuroso|
Lentilha com couve|leguminosa|cozido|Misto|Sulfuroso|Regional
Lentilha com legumes|leguminosa|cozido|Misto|Sulfuroso|
Lentilha com ricota|leguminosa|cozido|Misto|Sulfuroso|
Lentilha gratinada|leguminosa|assado|Misto|Sulfuroso|
Lentilha louca|leguminosa|cozido|Marrom/Bege|Sulfuroso|
Lentilha refogada|leguminosa|grelhado/refogado|Marrom/Bege|Sulfuroso|
Lentilha sortida|leguminosa|cozido|Marrom/Bege|Sulfuroso|
Macarrão à bolonhesa de pvt|massa/torta|cozido|Misto||
Macarrão com bolonhesa de pvt|massa/torta|cozido|Misto||
Macarrão com molho de pvt|massa/torta|cozido|Misto||
Macarrão com pvt e tomate-cereja|massa/torta|cozido|Misto||
Macarrão gratinado com pvt|massa/torta|cozido|Misto||
Madalena de pts|PTS|assado|Misto||
Molho bolonhesa de carne de soja|PTS|ao molho leve|Misto||
Moussaka de lentilha|leguminosa|ao molho leve|Misto|Sulfuroso|Regional
Moussaka de pvt|PTS|ao molho leve|Misto||Regional
Opção cassoulet vegetariano|leguminosa|cozido|Misto||Regional
Opção: almôndega de pvt|PTS|ao molho leve|Marrom/Bege||
Opção: hambúrguer de pvt|PTS|grelhado/refogado|Marrom/Bege||
Opção: lasanha de pvt|PTS|assado|Misto||
Opção: pvt com couve flor|PTS|grelhado/refogado|Misto|Sulfuroso|
Opção: pvt com pimentão|PTS|grelhado/refogado|Misto||Regional
Opção: pvt rica|PTS|grelhado/refogado|Misto||
Picadinho de soja à primavera|soja|grelhado/refogado|Misto||
Pimentão recheado c/ pvt|PTS|cozido|Misto||Regional
Pimentão recheado com pvt|PTS|cozido|Misto||Regional
Polpetone vegetariano com molho roti|PTS|ao molho leve|Marrom/Bege||
Proteína de soja ao sugo|PTS|ao molho leve|Misto||
Ptn ao molho sugo|PTS|ao molho leve|Misto||
Pts à moda caipira|PTS|grelhado/refogado|Misto||
Pts à oriental|PTS|grelhado/refogado|Misto|Sulfuroso|
Pts acebolada|PTS|grelhado/refogado|Marrom/Bege|Sulfuroso|
Pts agridoce|PTS|grelhado/refogado|Marrom/Bege||
Pts ao molho|PTS|ao molho leve|Misto||
Pts ao molho madeira|PTS|ao molho leve|Marrom/Bege||
Pts ao pomodoro|PTS|ao molho leve|Misto||
Pts ao sugo|PTS|ao molho leve|Misto||
Pts com abacaxi|PTS|grelhado/refogado|Misto||Regional
Pts com abóbora|PTS|grelhado/refogado|Misto||
Pts com batata|PTS|grelhado/refogado|Misto||
Pts com cenoura|PTS|grelhado/refogado|Misto||
Pts com couve flor e brócolis|PTS|grelhado/refogado|Misto|Sulfuroso|
Pts com legumes|PTS|grelhado/refogado|Misto||
Pts com mandioca|PTS|grelhado/refogado|Misto||Regional
Pts com tomate|PTS|grelhado/refogado|Misto||
Pts escabelada|PTS|grelhado/refogado|Misto||
Pts louca|PTS|grelhado/refogado|Marrom/Bege||
Pts refogada|PTS|grelhado/refogado|Marrom/Bege||
Pts refogado|PTS|grelhado/refogado|Marrom/Bege||
Pts xadrez|PTS|grelhado/refogado|Misto||
Puchero|leguminosa|cozido|Misto||Regional
Puchero à vegetariana|leguminosa|cozido|Misto||Regional
Puchero de legumes|leguminosa|cozido|Misto||Regional
Puchero de legumes ao curry|leguminosa|cozido|Misto||Regional
Puchero de legumes com feijão|leguminosa|cozido|Misto||Regional
Puchero vegetariano|leguminosa|cozido|Misto||Regional
Putchero vegetariano|leguminosa|cozido|Misto||Regional
Pvt (proteína texturizada de soja) ao molho de azeitonas|PTS|ao molho leve|Marrom/Bege||
Pvt (proteína texturizada de soja) ao molho de queijo e mostarda|PTS|ao molho gorduroso|Misto||
Pvt (proteína texturizada de soja) ao shoyu|PTS|grelhado/refogado|Marrom/Bege||
Pvt (proteína texturizada de soja) ao sugo|PTS|ao molho leve|Misto||
Pvt (proteína texturizada de soja) ao tomatelli|PTS|ao molho leve|Misto||
Pvt (proteína texturizada de soja) com azeitona e ervilha|PTS|grelhado/refogado|Marrom/Bege||
Pvt (proteína texturizada de soja) com milho|PTS|grelhado/refogado|Marrom/Bege|Sulfuroso|Regional
Pvt (proteína texturizada de soja) oriental|PTS|ao molho leve|Misto|Sulfuroso|
Pvt (proteína texturizada de soja) refogada|PTS|ao molho leve|Marrom/Bege||
Pvt (proteína texturizada de soja) xadrez|PTS|grelhado/refogado|Misto||
Pvt à baiana|PTS|grelhado/refogado|Marrom/Bege|Sulfuroso|
Pvt à brasileira|PTS|grelhado/refogado|Misto||
Pvt à caçadora|PTS|grelhado/refogado|Marrom/Bege||
Pvt à caipira|PTS|grelhado/refogado|Misto||
Pvt à califórnia|PTS|grelhado/refogado|Marrom/Bege||
Pvt à chinesa|PTS|grelhado/refogado|Misto|Sulfuroso|
Pvt à cigana|PTS|grelhado/refogado|Marrom/Bege||
Pvt à escabeche|PTS||Misto||
Pvt à espanhola|PTS|grelhado/refogado|Misto|Sulfuroso|
Pvt à fazendinha|PTS|grelhado/refogado|Misto||
Pvt à havaiana|PTS|grelhado/refogado|Misto||
Pvt à madalena|PTS|grelhado/refogado|Misto||
Pvt à margarida|PTS|grelhado/refogado|Misto||
Pvt à marguerita|PTS|grelhado/refogado|Misto||
Pvt à napolitana|PTS|grelhado/refogado|Misto||
Pvt à pizzaiollo|PTS|ao molho leve|Misto||
Pvt a pizzaiolo|PTS|ao molho leve|Misto||
Pvt á pizzaiolo|PTS|ao molho leve|Misto||
Pvt à pizzaiolo|PTS|ao molho leve|Misto||
Pvt à portuguesa|PTS|grelhado/refogado|Misto|Sulfuroso|
Pvt à primavera|PTS|ao molho leve|Misto||
Pvt à vinagrete|PTS|ao molho leve|Misto|Sulfuroso|
Pvt acebolado|PTS|grelhado/refogado|Marrom/Bege|Sulfuroso|
Pvt agridoce|PTS|grelhado/refogado|Marrom/Bege||
Pvt agridoce com abacaxi|PTS|grelhado/refogado|Misto||Regional
Pvt alemão|PTS|grelhado/refogado|Marrom/Bege|Sulfuroso|
Pvt ao molho com cebola e azeitonas|PTS|ao molho leve|Marrom/Bege|Sulfuroso|
Pvt ao molho de azeitona|PTS|ao molho leve|Marrom/Bege||
Pvt ao molho de cebola|PTS|ao molho leve|Marrom/Bege|Sulfuroso|
Pvt ao molho de mostarda e queijo|PTS|ao molho gorduroso|Misto||
Pvt ao pizzaiolo|PTS|grelhado/refogado|Misto||
Pvt ao shoyo acebolado|PTS|grelhado/refogado|Marrom/Bege|Sulfuroso|
Pvt ao shoyo e orégano|PTS|grelhado/refogado|Marrom/Bege||
Pvt ao sugo|PTS|ao molho leve|Misto||
Pvt ao tomatelli|PTS|ao molho leve|Misto||
Pvt ao vinagrete|PTS|ao molho leve|Misto|Sulfuroso|
Pvt assado ao sugo|PTS|ao molho leve|Misto||
Pvt c/ azeitona e ervilha|PTS|grelhado/refogado|Marrom/Bege|Sulfuroso|
Pvt c/ mandioquinha|PTS|grelhado/refogado|Misto||Regional
Pvt c/ milho e ervilha|PTS|grelhado/refogado|Misto|Sulfuroso|Regional
Pvt caipira|PTS|grelhado/refogado|Misto||
Pvt colorido|PTS|grelhado/refogado|Misto||
Pvt com abóbora|PTS|grelhado/refogado|Misto||
Pvt com abobrinha|PTS|grelhado/refogado|Misto||Regional
Pvt com abóbrinha|PTS|grelhado/refogado|Misto||Regional
Pvt com alho poró|PTS|grelhado/refogado|Marrom/Bege||
Pvt com alho poró e cogumelos|PTS|grelhado/refogado|Misto||
Pvt com alho-poró|PTS|grelhado/refogado|Marrom/Bege||
Pvt com alho-poró e cogumelos|PTS|grelhado/refogado|Misto||
Pvt com ameixa|PTS|grelhado/refogado|Marrom/Bege||
Pvt com azeitona|PTS|grelhado/refogado|Marrom/Bege||
Pvt com azeitonas|PTS|grelhado/refogado|Marrom/Bege||
Pvt com azeitonas e alho-poró|PTS|grelhado/refogado|Marrom/Bege||
Pvt com batata|PTS|grelhado/refogado|Misto||
Pvt com batata e ervilhas|PTS|grelhado/refogado|Misto|Sulfuroso|
Pvt com batata-doce|PTS|grelhado/refogado|Misto|Sulfuroso|
Pvt com berinjela|PTS|grelhado/refogado|Marrom/Bege||Regional
Pvt com berinjela e azeitonas|PTS|grelhado/refogado|Marrom/Bege||Regional
Pvt com beterraba|PTS|grelhado/refogado|Misto||
Pvt com brócolis|PTS|grelhado/refogado|Misto|Sulfuroso|
Pvt com brócolis e couve-flor|PTS|grelhado/refogado|Misto|Sulfuroso|
Pvt com canjiquinha|PTS|grelhado/refogado|Misto||Regional
Pvt com cenoura|PTS|grelhado/refogado|Misto||
Pvt com cenoura e alho poró|PTS|grelhado/refogado|Misto||
Pvt com cenoura e espinafre|PTS|grelhado/refogado|Misto||Regional
Pvt com cenoura e milho|PTS|grelhado/refogado|Misto|Sulfuroso|Regional
Pvt com cenoura e vagem|PTS|grelhado/refogado|Misto||Regional
Pvt com cenoura ralada|PTS|grelhado/refogado|Misto||
Pvt com champignon|PTS|grelhado/refogado|Marrom/Bege||
Pvt com chuchu|PTS|grelhado/refogado|Misto||Regional
Pvt com chuchu e espinafre|PTS|grelhado/refogado|Misto||Regional
Pvt com cogumelo|PTS|grelhado/refogado|Marrom/Bege||
Pvt com cogumelo e shimeji|PTS|grelhado/refogado|Marrom/Bege||
Pvt com cogumelo e shoyo|PTS|grelhado/refogado|Marrom/Bege||
Pvt com cogumelos|PTS|grelhado/refogado|Marrom/Bege||
Pvt com cogumelos com molho branco|PTS|grelhado/refogado|Misto||
Pvt com cogumelos e azeitonas|PTS|grelhado/refogado|Marrom/Bege||
Pvt com cogumelos e ervilhas|PTS|grelhado/refogado|Misto|Sulfuroso|
Pvt com cogumelos e shimeji|PTS|grelhado/refogado|Marrom/Bege||
Pvt com couve|PTS|grelhado/refogado|Misto|Sulfuroso|Regional
Pvt com couve - flor|PTS|grelhado/refogado|Misto|Sulfuroso|
Pvt com couve flor|PTS|grelhado/refogado|Misto|Sulfuroso|
Pvt com couve-flor|PTS|grelhado/refogado|Misto|Sulfuroso|
Pvt com curry|PTS|grelhado/refogado|Amarelo/Laranja||
Pvt com ervas|PTS|grelhado/refogado|Misto||
Pvt com ervilha|PTS|grelhado/refogado|Misto|Sulfuroso|
Pvt com ervilhas|PTS|grelhado/refogado|Misto|Sulfuroso|
Pvt com ervilhas e tomate|PTS|grelhado/refogado|Misto|Sulfuroso|
Pvt com ervilhas, cebola e tomate|PTS|grelhado/refogado|Misto|Sulfuroso|
Pvt com escarola|PTS|grelhado/refogado|Misto||
Pvt com escarola e milho|PTS|grelhado/refogado|Misto|Sulfuroso|Regional
Pvt com espinafre|PTS|grelhado/refogado|Misto||Regional
Pvt com feijão fradinho|PTS|grelhado/refogado|Marrom/Bege||
Pvt com grão de bico|PTS|grelhado/refogado|Marrom/Bege||Regional
Pvt com grão-de-bico|PTS|grelhado/refogado|Marrom/Bege||Regional
Pvt com hortelã|PTS|grelhado/refogado|Marrom/Bege||
Pvt com jardineira de legumes|PTS|grelhado/refogado|Misto||
Pvt com legumes|PTS|grelhado/refogado|Misto||
Pvt com lentilha|PTS|grelhado/refogado|Marrom/Bege|Sulfuroso|
Pvt com mandioca|PTS|grelhado/refogado|Misto||Regional
Pvt com mandioquinha|PTS|grelhado/refogado|Misto||Regional
Pvt com marguerita|PTS|grelhado/refogado|Misto||
Pvt com milho|PTS|grelhado/refogado|Misto|Sulfuroso|Regional
Pvt com milho e azeitonas|PTS|grelhado/refogado|Misto|Sulfuroso|Regional
Pvt com milho e ervilha|PTS|grelhado/refogado|Misto|Sulfuroso|Regional
Pvt com milho e ervilhas|PTS|grelhado/refogado|Misto|Sulfuroso|Regional
Pvt com milho verde|PTS|grelhado/refogado|Misto|Sulfuroso|Regional
Pvt com molho agridoce|PTS|grelhado/refogado|Misto||
Pvt com molho argentino|PTS|ao molho leve|Misto||
Pvt com molho baiano|PTS|ao molho leve|Misto|Sulfuroso|
Pvt com molho campana|PTS|ao molho leve|Misto|Sulfuroso|
Pvt com molho de manga|PTS|ao molho leve|Misto||Regional
Pvt com molho de pimentões|PTS|ao molho leve|Misto||Regional
Pvt com molho de salsão|PTS|ao molho leve|Misto||
Pvt com molho ferrugem|PTS|grelhado/refogado|Marrom/Bege||
Pvt com molho marguerita|PTS|ao molho gorduroso|Misto||
Pvt com molho pomodoro|PTS|ao molho leve|Misto||
Pvt com molho shoyu|PTS|ao molho leve|Marrom/Bege||
Pvt com molho vinagrete|PTS|ao molho leve|Misto|Sulfuroso|
Pvt com moyashi|PTS|grelhado/refogado|Marrom/Bege|Sulfuroso|
Pvt com moyashi, cebola e tomate|PTS|grelhado/refogado|Misto|Sulfuroso|
Pvt com moyashi, cenoura a shoyu|PTS|grelhado/refogado|Misto|Sulfuroso|
Pvt com moyashi, pimentão e shoyu|PTS|grelhado/refogado|Misto|Sulfuroso|Regional
Pvt com moyashi, tomates e cebola|PTS|grelhado/refogado|Misto|Sulfuroso|
Pvt com palmito|PTS|grelhado/refogado|Misto||
Pvt com palmito e champignon|PTS|grelhado/refogado|Misto||
Pvt com passas|PTS|grelhado/refogado|Marrom/Bege||
Pvt com pimentão|PTS|grelhado/refogado|Misto||Regional
Pvt com pimentão e cebola|PTS|grelhado/refogado|Misto|Sulfuroso|Regional
Pvt com pimentões|PTS|grelhado/refogado|Misto||Regional
Pvt com queijo branco|PTS|grelhado/refogado|Misto||
Pvt com quiabo|PTS|grelhado/refogado|Misto||Regional
Pvt com ricota|PTS|grelhado/refogado|Misto||
Pvt com ricota e tomate|PTS|grelhado/refogado|Misto||
Pvt com salsão|PTS|grelhado/refogado|Misto||
Pvt com shoyo|PTS|grelhado/refogado|Marrom/Bege||
Pvt com shoyu|PTS|grelhado/refogado|Marrom/Bege||
Pvt com soja|PTS|grelhado/refogado|Marrom/Bege||
Pvt com tomate|PTS|grelhado/refogado|Misto||
Pvt com tomate cereja|PTS|grelhado/refogado|Misto||
Pvt com tomate-cereja|PTS|grelhado/refogado|Misto||
Pvt com tomates|PTS|grelhado/refogado|Misto||
Pvt com uva passa|PTS|grelhado/refogado|Marrom/Bege||
Pvt com uva passas|PTS|grelhado/refogado|Marrom/Bege||
Pvt com uvas passas|PTS|grelhado/refogado|Marrom/Bege||
Pvt com vagem|PTS|grelhado/refogado|Misto||Regional
Pvt com vinagrete|PTS|ao molho leve|Misto|Sulfuroso|
Pvt gratinada|PTS|assado|Misto||
Pvt gratinado|PTS|assado|Misto||
Pvt havaiano|PTS|grelhado/refogado|Misto||
Pvt mexicano|PTS|grelhado/refogado|Marrom/Bege||
Pvt oriental|PTS|grelhado/refogado|Misto|Sulfuroso|
Pvt palmito|PTS|grelhado/refogado|Misto||
Pvt primavera|PTS|grelhado/refogado|Misto||
Pvt refogado|PTS|grelhado/refogado|Marrom/Bege||
Pvt refogado (proteína texturizada de soja)|PTS|grelhado/refogado|Marrom/Bege||
Pvt refogado com cebola e shoyo|PTS|grelhado/refogado|Marrom/Bege|Sulfuroso|
Pvt rica|PTS|grelhado/refogado|Misto||
Pvt rico|PTS|grelhado/refogado|Misto||
Pvt xadrez|PTS|grelhado/refogado|Misto||
Quibe com molho vermelho|PTS|ao molho leve|Misto||
Quibe de pts (contém glúten)|PTS|assado|Marrom/Bege||
Quibe de pvt|PTS|assado|Marrom/Bege||
Quibe de pvt (proteína texturizada de soja)|PTS|assado|Marrom/Bege||
Quibe de pvt frito|PTS|frito|Marrom/Bege||
Quibe de pvt recheado|PTS|assado|Misto||
Quibe frito de pvt|PTS|frito|Misto||
Quibe vegetariano|PTS|assado|Misto||
Ratatouille de feijão branco|leguminosa|assado|Misto||Regional
Ratattoule de feijão|leguminosa|assado|Misto||Regional
Risoto de lentilha|leguminosa|cozido|Misto|Sulfuroso|
Rocambole de lentilha|leguminosa|assado|Misto|Sulfuroso|
Rocambole de lentilha (contém glúten)|leguminosa|assado|Misto|Sulfuroso|
Rocambole de lentilha(contem glúten)|leguminosa|assado|Misto|Sulfuroso|
Rocambole de pts com cenoura e vagem|PTS|assado|Misto||Regional
Rocambole de pvt|PTS|assado|Misto||
Rocambole de pvt recheado com brócolis e queijo|PTS|assado|Misto|Sulfuroso|
Rocambole de pvt recheado com tomate, queijo e orégano|PTS|assado|Misto||
Rondelli de pvt c/ queijo|massa/torta|assado|Misto||
Soja à brasileira|soja|cozido|Misto|Sulfuroso|
Soja á escabeche|soja|assado|Misto|Sulfuroso|
Soja à grega|soja|grelhado/refogado|Misto|Sulfuroso|
Soja à marguerita|soja|grelhado/refogado|Misto|Sulfuroso|
Soja à oriental|soja|grelhado/refogado|Misto|Sulfuroso|
Soja à parmegiana|soja|frito|Misto|Sulfuroso|
Soja à pomodoro|soja|ao molho leve|Misto|Sulfuroso|
Soja à portuguesa|soja|grelhado/refogado|Misto|Sulfuroso|
Soja a primavera|soja|grelhado/refogado|Misto|Sulfuroso|
Soja à primavera|soja|grelhado/refogado|Misto|Sulfuroso|
Soja acebolada|soja|grelhado/refogado|Marrom/Bege|Sulfuroso|
Soja acebolada ao shoyo|soja|grelhado/refogado|Marrom/Bege|Sulfuroso|
Soja ao molho de queijos|soja|ao molho gorduroso|Misto|Sulfuroso|
Soja ao molho de tomate picante|soja|grelhado/refogado|Misto|Sulfuroso|
Soja ao molho ferrugem|soja|grelhado/refogado|Marrom/Bege|Sulfuroso|
Soja ao molho roty|soja|ao molho leve|Marrom/Bege|Sulfuroso|
Soja ao pomodoro|soja|grelhado/refogado|Misto|Sulfuroso|
Soja ao shoyo acebolada|soja|grelhado/refogado|Marrom/Bege|Sulfuroso|
Soja ao shoyo acebolado|soja|grelhado/refogado|Marrom/Bege|Sulfuroso|
Soja ao sugo|soja|grelhado/refogado|Misto|Sulfuroso|
Soja ao tomatelli|soja|grelhado/refogado|Misto|Sulfuroso|
Soja ao vinagrete|soja|cozido|Misto|Sulfuroso|
Soja com abacaxi|soja|grelhado/refogado|Misto|Sulfuroso|Regional
Soja com azeitonas|soja|grelhado/refogado|Marrom/Bege|Sulfuroso|
Soja com brócolis|soja|grelhado/refogado|Misto|Sulfuroso|
Soja com brócolis, tomate e queijo|soja|grelhado/refogado|Misto|Sulfuroso|
Soja com cebola|soja|grelhado/refogado|Marrom/Bege|Sulfuroso|
Soja com legumes|soja|grelhado/refogado|Misto||
Soja com pimentões|soja|grelhado/refogado|Misto|Sulfuroso|Regional
Soja com tomate|soja|grelhado/refogado|Misto|Sulfuroso|
Soja com tomate e cebola|soja|cozido|Misto|Sulfuroso|
Soja com tomate e cheiro verde|soja|cozido|Misto|Sulfuroso|
Soja com uva passa|soja|grelhado/refogado|Misto|Sulfuroso|
Soja com vinagrete|soja|cozido|Misto|Sulfuroso|
Soja escabelada|soja|ao molho gorduroso|Misto|Sulfuroso|
Soja louca|soja|grelhado/refogado|Marrom/Bege|Sulfuroso|
Soja primavera|soja|grelhado/refogado|Misto|Sulfuroso|
Soja refogada|soja|grelhado/refogado|Marrom/Bege|Sulfuroso|
Soja refogada com abobrinha|soja|grelhado/refogado|Misto|Sulfuroso|Regional
Soja xadrez|soja|grelhado/refogado|Misto|Sulfuroso|
Sopa de lentilha com legumes|leguminosa|cozido|Misto|Sulfuroso|
Strogonofe de pvt|PTS|ao molho gorduroso|Marrom/Bege||
Strogonoff de grão de bico|leguminosa|ao molho gorduroso|Marrom/Bege||Regional
Strogonoff de lentilha|leguminosa|ao molho gorduroso|Marrom/Bege|Sulfuroso|
Strogonoff de pvt|PTS|ao molho gorduroso|Marrom/Bege||
Talharim com molho de pvt|massa/torta|ao molho leve|Misto||
Tomate recheado com pvt|PTS|cozido|Misto||
Tomate recheado com pvt e ricota|PTS|cozido|Misto||
Torta a madalena de pvt|PTS|cozido|Misto||
Torta à madalena de pvt|PTS|cozido|Misto||
Torta de pvt|PTS|assado|Marrom/Bege||
Torta de pvt com ricota|PTS|assado|Misto||
Torta madalena|PTS|assado|Misto||
Torta madalena de espinafre|PTS|assado|Misto||Regional
Torta madalena de pts|PTS|assado|Misto||
Torta madalena de pvt|PTS|assado|Misto||
Xadrez de pvt|PTS|grelhado/refogado|Misto||
Xadrez vegetariano com moyashi|PTS|grelhado/refogado|Misto||
Yakissoba de pvt|PTS|ao molho leve|Misto|Sulfuroso|
Bolinho de milho e queijo|cereal (milho)|frito|Amarelo/Laranja|Sulfuroso|Regional
Bolinho de milho verde e queijo|cereal (milho)|frito|Amarelo/Laranja|Sulfuroso|Regional
Cuscuz de legumes|cereal (milho)|grelhado/refogado|Misto||Regional
Cuscuz de lentilha|cereal (milho)|grelhado/refogado|Marrom/Bege|Sulfuroso|Regional
Cuscuz vegetariano|cereal (milho)|grelhado/refogado|Misto||Regional
Polenta com queijo|cereal (milho)|cozido|Amarelo/Laranja||Regional
Polenta recheada com queijo gratinada|cereal (milho)|cozido|Amarelo/Laranja||Regional
Abóbora com salsa|legumes|cozido|Amarelo/Laranja||
Abobrinha à parmegiana|legumes|frito|Misto||Regional
Abobrinha ao sugo|legumes|ao molho leve|Misto||Regional
Abobrinha c/ manjericão|legumes|grelhado/refogado|Verde||Regional
Abobrinha recheada|legumes|cozido|Misto||Regional
Abobrinha recheada (contém lactose)|legumes|cozido|Misto||Regional
Abobrinha recheada (lactose)|legumes|cozido|Misto||Regional
Abobrinha recheada com ricota|legumes|cozido|Misto||Regional
Almôndegas de abóbora|legumes|ao molho leve|Amarelo/Laranja||
Berinjela à milanesa (contém glúten)|legumes|frito|Marrom/Bege||Regional
Berinjela à parmegiana|legumes|frito|Misto||Regional
Berinjela a pizzaiolo|legumes|assado|Misto||Regional
Berinjela ao sugo|legumes|ao molho leve|Misto||Regional
Berinjela ao sugo (contém lactose)|legumes|ao molho leve|Misto||Regional
Berinjela com ricota e tomate|legumes|cozido|Misto||Regional
Berinjela de forno|legumes|assado|Misto||Regional
Berinjela recheada|legumes|cozido|Misto||Regional
Bolinho de abobrinha|legumes|frito|Misto||Regional
Bolinho de abobrinha (contém glúten)|legumes|frito|Misto||Regional
Bolinho de abobrinha (contém lactose e glúten)|legumes|frito|Misto||Regional
Bolinho de espinafre|folhosos|frito|Misto||Regional
Bolinho de espinafre com queijo|folhosos|frito|Misto||Regional
Bolinho de legumes|legumes|frito|Misto||
Cebola recheada|legumes|cozido|Misto|Sulfuroso|
Chuchu gratinado|legumes|assado|Misto||Regional
Creme de espinafre|folhosos|ao molho gorduroso|Verde||Regional
Curry de legumes|legumes|cozido|Amarelo/Laranja||
Escondidinho de abobrinha|legumes|assado|Misto||Regional
Escondidinho de escarola|folhosos|assado|Misto||
Escondidinho de escarola (contém lactose)|folhosos|assado|Misto||
Escondidinho de escarola(contém e lactose)|folhosos|assado|Misto||
Escondidinho de espinafre|folhosos|assado|Misto||Regional
Escondidinho de espinafre ( lactose)|folhosos|assado|Misto||Regional
Escondidinho de espinafre (contém lactose)|folhosos|assado|Misto||Regional
Escondidinho de espinafre (lactose)|folhosos|assado|Misto||Regional
Escondidinho de espinafre(contém lactose)|folhosos|assado|Misto||Regional
Estrogonofe de legumes|legumes|ao molho gorduroso|Amarelo/Laranja||
Fricassê de legumes|legumes|ao molho gorduroso|Misto||
Fricassé vegetariano|legumes|ao molho gorduroso|Misto||
Fricassê vegetariano|legumes|ao molho gorduroso|Misto||
Gratinado de legumes (contém lactose)|legumes|assado|Misto||
Jardineira de legumes|legumes|cozido|Misto||
Lasanha berinjela|legumes|assado|Misto||Regional
Lasanha de abobrinha|legumes|assado|Misto||Regional
Lasanha de abobrinha (contém lactose)|legumes|assado|Misto||Regional
Lasanha de abobrinha (lactose)|legumes|assado|Misto||Regional
Lasanha de berinjela|legumes|assado|Misto||Regional
Lasanha de berinjela (contém lactose)|legumes|assado|Misto||Regional
Lasanha de legumes|legumes|assado|Misto||
Legumes gratinados|legumes|assado|Misto||
Legumes oriental|legumes|grelhado/refogado|Misto|Sulfuroso|
Moqueca vegetariana|legumes|ao molho gorduroso|Misto||
Moussaka|legumes|ao molho leve|Misto||Regional
Moussaka vegetariana|legumes|ao molho leve|Misto||Regional
Paella vegetariana|legumes|ao molho leve|Misto|Sulfuroso|
Pimentão recheado|legumes|cozido|Misto||Regional
Prato principal vegetariano lasanha de berinjela|legumes|assado|Misto||Regional
Quibe de abóbora|legumes|assado|Amarelo/Laranja||
Quibe de berinjela (contém glúten)|legumes|assado|Marrom/Bege||Regional
Quibe de berinjela (glúten)|legumes|assado|Marrom/Bege||Regional
Quiche de legumes|legumes|assado|Misto||
Ratatouille|legumes|assado|Misto||Regional
Rocambole de abobrinha|legumes|assado|Misto||Regional
Strogonof de legumes|legumes|ao molho gorduroso|Misto||
Strogonoff de legumes|legumes|ao molho gorduroso|Misto||
Strogonoff de legumes (contém lactose)|legumes|ao molho gorduroso|Misto||
Strogonoff de legumes (lactose)|legumes|ao molho gorduroso|Misto||
Strogonoff de legumes(contem lactose)|legumes|ao molho gorduroso|Misto||
Strogonoff legumes|legumes|ao molho gorduroso|Misto||
Tempurá de legumes|legumes|frito|Misto||
Tomate ao molho de queijo e manjericão|legumes|ao molho gorduroso|Misto||
Tomate recheado|legumes|cozido|Misto||
Tomate recheado com pts|legumes|cozido|Misto||
Tomate recheado com queijo e molho branco|legumes|cozido|Misto||
Torta à primavera|legumes|assado|Misto||
Torta de legumes|legumes|assado|Misto||
Torta de legumes com queijo|legumes|assado|Misto||
Torta rústica|legumes|assado|Misto||
Torta rústica de tomate e cebolas|legumes|assado|Misto|Sulfuroso|
Tortilha de escarola (glúten e lactose)|tubérculo|grelhado/refogado|Misto|Sulfuroso|
Gratinado de ovos (contém lactose)|ovos|assado|Amarelo/Laranja|Sulfuroso|
Omelete|ovos|grelhado/refogado|Amarelo/Laranja|Sulfuroso|
Omelete ao forno|ovos|assado|Amarelo/Laranja|Sulfuroso|
Omelete assada|ovos|assado|Amarelo/Laranja|Sulfuroso|
Omelete assada com abobrinha|ovos|assado|Misto|Sulfuroso|Regional
Omelete assado|ovos|assado|Amarelo/Laranja|Sulfuroso|
Omelete c/ ricota e vinagrete|ovos|grelhado/refogado|Misto|Sulfuroso|
Omelete com abobrinha|ovos|grelhado/refogado|Misto|Sulfuroso|Regional
Omelete com legumes|ovos|grelhado/refogado|Misto|Sulfuroso|
Omelete com queijo|ovos|grelhado/refogado|Amarelo/Laranja|Sulfuroso|
Omelete com queijo (lactose)|ovos|grelhado/refogado|Amarelo/Laranja|Sulfuroso|
Omelete com tomate|ovos|grelhado/refogado|Misto|Sulfuroso|
Omelete com tomate e manjericão|ovos|grelhado/refogado|Misto|Sulfuroso|
Omelete de chapa|ovos|grelhado/refogado|Amarelo/Laranja|Sulfuroso|
Omelete de chapa (contém lactose)|ovos|grelhado/refogado|Amarelo/Laranja|Sulfuroso|
Omelete de chapa (sem queijo)|ovos|grelhado/refogado|Amarelo/Laranja|Sulfuroso|
Omelete de espinafre|ovos|grelhado/refogado|Misto|Sulfuroso|Regional
Omelete de espinafre assada|ovos|assado|Misto|Sulfuroso|Regional
Omelete de forno|ovos|assado|Amarelo/Laranja|Sulfuroso|
Omelete de forno com abobrinha|ovos|assado|Misto|Sulfuroso|Regional
Omelete de forno com cenoura|ovos|assado|Amarelo/Laranja|Sulfuroso|
Omelete de forno com espinafre|ovos|assado|Misto|Sulfuroso|Regional
Omelete de forno com legumes|ovos|assado|Misto|Sulfuroso|
Omelete de forno com queijo|ovos|assado|Amarelo/Laranja|Sulfuroso|
Omelete de legumes|ovos|grelhado/refogado|Misto|Sulfuroso|
Omelete de legumes com queijo|ovos|grelhado/refogado|Amarelo/Laranja|Sulfuroso|
Omelete de lentilha|ovos|grelhado/refogado|Amarelo/Laranja|Sulfuroso|
Omelete de pvt|ovos|grelhado/refogado|Amarelo/Laranja|Sulfuroso|
Omelete individual|ovos|grelhado/refogado|Amarelo/Laranja|Sulfuroso|
Omelete individual com queijo, tomates e cebola|ovos|grelhado/refogado|Misto|Sulfuroso|
Omelete na chapa|ovos|grelhado/refogado|Amarelo/Laranja|Sulfuroso|
Omelete na chapa (contém lactose)|ovos|grelhado/refogado|Amarelo/Laranja|Sulfuroso|
Omelete na chapa (lactose)|ovos|grelhado/refogado|Amarelo/Laranja|Sulfuroso|
Omelete na chapa (sem queijo)|ovos|grelhado/refogado|Amarelo/Laranja|Sulfuroso|
Omelete vegetariano|ovos|grelhado/refogado|Amarelo/Laranja|Sulfuroso|
Ovo americano|ovos|grelhado/refogado|Amarelo/Laranja|Sulfuroso|
Ovo com legumes|ovos|grelhado/refogado|Misto|Sulfuroso|
Ovo cozido|ovos|cozido|Amarelo/Laranja|Sulfuroso|
Ovo cozido ao sugo|ovos|cozido|Misto|Sulfuroso|
Ovo frito|ovos|frito|Amarelo/Laranja|Sulfuroso|
Ovo frito à pizzaiolo (contém lactose)|ovos|frito|Amarelo/Laranja|Sulfuroso|
Ovo gratinado (contém lactose)|ovos|assado|Amarelo/Laranja|Sulfuroso|
Ovo mexido|ovos|grelhado/refogado|Amarelo/Laranja|Sulfuroso|
Ovo mexido (contém lactose)|ovos|grelhado/refogado|Amarelo/Laranja|Sulfuroso|
Ovo mexido acebolado|ovos|grelhado/refogado|Amarelo/Laranja|Sulfuroso|
Ovo mexido c/ queijo|ovos|grelhado/refogado|Amarelo/Laranja|Sulfuroso|
Ovo mexido c/ queijo (contém lactose)|ovos|grelhado/refogado|Amarelo/Laranja|Sulfuroso|
Ovo mexido com legumes|ovos|grelhado/refogado|Misto|Sulfuroso|
Ovo mexido com queijo|ovos|grelhado/refogado|Amarelo/Laranja|Sulfuroso|
Ovo mexido com tomate|ovos|grelhado/refogado|Misto|Sulfuroso|
Ovo mexido com tomate em cubos|ovos|grelhado/refogado|Misto|Sulfuroso|
Ovos ao pomodoro|ovos|ao molho leve|Misto|Sulfuroso|
Ovos com queijo|ovos|grelhado/refogado|Amarelo/Laranja|Sulfuroso|
Ovos cozidos|ovos|cozido|Amarelo/Laranja|Sulfuroso|
Ovos cozidos ao vinagrete|ovos|cozido|Misto|Sulfuroso|
Ovos cozidos com molho de tomates|ovos|cozido|Misto|Sulfuroso|
Ovos fritos|ovos|frito|Amarelo/Laranja|Sulfuroso|
Ovos mexidos|ovos|grelhado/refogado|Amarelo/Laranja|Sulfuroso|
Ovos mexidos com espinafre|ovos|grelhado/refogado|Misto|Sulfuroso|Regional
Ovos mexidos com legumes|ovos|grelhado/refogado|Misto|Sulfuroso|
Ovos mexidos com queijo e tomate|ovos|grelhado/refogado|Misto|Sulfuroso|
Ovos pochê|ovos|cozido|Amarelo/Laranja|Sulfuroso|
Panqueca de abobrinha|ovos|ao molho leve|Misto||Regional
Panqueca de abobrinha (contem glúten e lactose)|ovos|ao molho leve|Misto||Regional
Panqueca de abobrinha (contém glúten e lactose)|ovos|ao molho leve|Misto||Regional
Panqueca de abobrinha (glúten e lactose)|ovos|ao molho leve|Misto||Regional
Panqueca de abobrinha glúten e lactose)|ovos|ao molho leve|Misto||Regional
Panqueca de cenoura (contém glúten e lactose)|ovos|ao molho leve|Misto||
Panqueca de cenoura (contém glúten)|ovos|ao molho leve|Misto||
Panqueca de cenoura (glúten e lactose)|ovos|ao molho leve|Misto||
Panqueca de espinafre (contém glúten e lactose)|ovos|ao molho leve|Misto||Regional
Panqueca de espinafre com queijo|ovos|ao molho leve|Misto||Regional
Panqueca de legumes|ovos|ao molho leve|Misto||
Panqueca de pvt|ovos|ao molho leve|Misto||
Panqueca de pvt com massa de cenoura|ovos|ao molho leve|Misto||
Panqueca de pvt com ricota|ovos|ao molho leve|Misto||
Panqueca de queijo|ovos|ao molho leve|Misto||
Panqueca de soja (contém glúten)|ovos|ao molho leve|Misto||
Souflê de pvt|ovos|assado|Marrom/Bege|Sulfuroso|
Suflê de cenoura|ovos|assado|Amarelo/Laranja|Sulfuroso|
Suflê de espinafre|ovos|assado|Misto|Sulfuroso|Regional
Suflê de pvt|ovos|assado|Marrom/Bege|Sulfuroso|
Suflê de queijo|ovos|assado|Amarelo/Laranja|Sulfuroso|
Bolinho de arroz com queijo|cereal (milho)|frito|Amarelo/Laranja||
Bolinho de queijo|queijo|frito|Amarelo/Laranja||
Canelloni de queijo c/ pvt|massa/torta|cozido|Misto||
Canelloni de queijo com pvt|massa/torta|cozido|Misto||
Canelloni de ricota c/ molho branco|massa/torta|cozido|Marrom/Bege||
Canelone com ricota e espinafre|massa/torta|cozido|Misto||Regional
Canelone de queijo|massa/torta|cozido|Misto||
Canelone de queijo com pvt|massa/torta|cozido|Misto||
Canjiquinha com queijo branco|queijo|cozido|Amarelo/Laranja||Regional
Capeletti de queijo ao sugo|queijo|cozido|Misto||
Grãos com queijo branco|queijo|cozido|Marrom/Bege||Regional
Lasanha de queijo|queijo|assado|Amarelo/Laranja||
Lasanha de queijos|queijo|assado|Amarelo/Laranja||
Ravioli de queijo|queijo|cozido|Misto||
Ravióli de queijo ao sugo|queijo|ao molho leve|Misto||
Ravioli de queijo com pvt|queijo|cozido|Misto||
Raviolli de queijo|queijo|cozido|Misto||
Raviolli de queijo com molho e pvt|queijo|cozido|Misto||
Rondele de queijo com pvt|massa/torta|assado|Misto||
Rondele de queijo e molho de pvt|massa/torta|assado|Misto||
Rondeli de queijo|massa/torta|assado|Misto||
Rondeli de queijo c/ pvt|massa/torta|assado|Misto||
Rondelle de queijo|massa/torta|assado|Misto||
Rondelli|massa/torta|assado|Misto||
Rondelli de queijo|massa/torta|assado|Misto||
Rondelli de queijo ao molho rosê|massa/torta|assado|Misto||
Rondelli de queijo c/ pvt|massa/torta|assado|Misto||
Rondelli de queijo com pvt|massa/torta|assado|Misto||
Bolinho de grãos|cereal (milho)|frito|Marrom/Bege||
Mix de grãos com brócolis|cereal (milho)|cozido|Misto|Sulfuroso|Regional
Mix de grãos com cenoura|cereal (milho)|cozido|Misto||Regional
Multigrãos com molho vinagrete|cereal (milho)|cozido|Misto|Sulfuroso|
Pizza vegetariana|massa/torta|assado|Misto||
Torta de alho-poró|massa/torta|assado|Misto||
Torta de escarola|massa/torta|assado|Misto||
Torta de escarola com queijo|massa/torta|assado|Misto||
Torta de espinafre com queijo|massa/torta|assado|Misto||Regional
Torta de verduras|massa/torta|assado|Misto||
Torta de verduras com queijo|massa/torta|assado|Misto||
Yakisoba vegetariano|massa/torta|ao molho leve|Misto|Sulfuroso|
Yakissoba|massa/torta|ao molho leve|Misto|Sulfuroso|
Yakissoba vegetariano|massa/torta|ao molho leve|Misto|Sulfuroso|
